{"word":"při","data":[[83.23046875,170.50262451171875,0],[84.900390625,177.59246826171875,0],[86.306640625,184.46746826171875,0],[87.9765625,193.06121826171875,0],[89.294921875,201.01043701171875,0],[89.646484375,208.95965576171875,0],[89.822265625,217.12371826171875,0],[89.119140625,222.49481201171875,0],[87.80078125,232.16278076171875,1],[87.888671875,162.55340576171875,0],[89.822265625,162.76824951171875,0],[91.84375,163.41278076171875,0],[93.337890625,164.27215576171875,0],[94.83203125,165.56121826171875,0],[96.501953125,167.49481201171875,0],[98.5234375,170.28778076171875,0],[99.666015625,172.43621826171875,0],[100.45703125,174.58465576171875,0],[100.80859375,176.08856201171875,0],[100.896484375,177.16278076171875,0],[100.720703125,178.45184326171875,0],[100.45703125,179.31121826171875,0],[99.9296875,179.95574951171875,0],[98.875,180.60028076171875,0],[96.677734375,181.45965576171875,0],[93.6015625,181.67449951171875,0],[90.96484375,181.45965576171875,0],[88.943359375,180.81512451171875,0],[87.09765625,180.17059326171875,0],[86.21875,179.74090576171875,0],[84.63671875,179.09637451171875,1],[105.02734375,157.61199951171875,0],[105.818359375,160.83465576171875,0],[106.345703125,164.27215576171875,0],[106.78515625,167.49481201171875,0],[107.048828125,170.28778076171875,0],[107.224609375,173.29559326171875,0],[107.13671875,176.08856201171875,0],[106.9609375,177.80731201171875,0],[106.78515625,178.88153076171875,0],[106.521484375,179.74090576171875,0],[106.345703125,180.17059326171875,0],[106.08203125,180.60028076171875,0],[106.08203125,180.60028076171875,1],[109.509765625,161.69403076171875,0],[110.30078125,160.83465576171875,0],[110.828125,159.97528076171875,0],[111.35546875,159.33074951171875,0],[111.70703125,158.68621826171875,0],[111.970703125,158.04168701171875,0],[112.05859375,157.18231201171875,0],[112.146484375,155.67840576171875,1],[125.9453125,156.53778076171875,0],[126.12109375,160.40496826171875,0],[126.208984375,163.19793701171875,0],[126.296875,165.99090576171875,0],[126.296875,167.70965576171875,0],[126.208984375,168.99871826171875,0],[126.12109375,169.64324951171875,0],[125.9453125,170.50262451171875,0],[125.681640625,170.93231201171875,0],[125.681640625,170.93231201171875,1],[126,124,1],[97.64453125,122.37760925292969,0],[99.490234375,120.87370300292969,1]],"info":{"wordIdx":58,"sampleIdx":0}}