{"word":"pes","data":[[77.78125,152.24090576171875,0],[77.869140625,159.97528076171875,0],[77.95703125,167.92449951171875,0],[77.869140625,174.58465576171875,0],[77.869140625,180.38543701171875,0],[77.869140625,184.46746826171875,0],[77.869140625,186.61590576171875,0],[77.78125,187.90496826171875,0],[77.78125,188.54949951171875,0],[77.78125,188.76434326171875,0],[77.78125,188.76434326171875,0],[77.78125,188.76434326171875,0],[77.341796875,188.33465576171875,0],[75.84765625,185.97137451171875,0],[73.123046875,181.88934326171875,1],[86.658203125,149.87762451171875,0],[87.2734375,151.81121826171875,0],[87.185546875,153.10028076171875,0],[86.5703125,154.60418701171875,0],[85.603515625,156.10809326171875,0],[84.548828125,156.96746826171875,0],[81.912109375,159.11590576171875,0],[79.978515625,160.19012451171875,0],[78.396484375,160.83465576171875,0],[76.19921875,161.04949951171875,0],[72.244140625,161.47918701171875,1],[110.037109375,150.73699951171875,0],[111.35546875,148.37371826171875,0],[111.794921875,146.44012451171875,0],[111.794921875,144.93621826171875,0],[111.619140625,144.07684326171875,0],[111.267578125,143.64715576171875,0],[110.388671875,143.21746826171875,0],[108.455078125,143.21746826171875,0],[106.609375,143.64715576171875,0],[105.37890625,144.29168701171875,0],[104.236328125,145.58074951171875,0],[102.390625,149.01824951171875,0],[101.86328125,151.38153076171875,0],[101.86328125,153.52996826171875,0],[102.56640625,155.67840576171875,0],[103.796875,157.39715576171875,0],[105.818359375,159.11590576171875,0],[109.24609375,161.04949951171875,0],[115.3984375,164.70184326171875,1],[135.26171875,145.15106201171875,0],[136.755859375,147.51434326171875,0],[138.162109375,149.44793701171875,0],[139.65625,151.38153076171875,0],[140.623046875,152.67059326171875,0],[141.501953125,153.95965576171875,0],[142.29296875,155.24871826171875,0],[142.64453125,155.89324951171875,0],[142.8203125,156.53778076171875,0],[142.8203125,156.96746826171875,0],[142.732421875,157.18231201171875,0],[142.64453125,157.18231201171875,0],[142.64453125,157.18231201171875,0],[142.029296875,157.61199951171875,0],[141.0625,158.04168701171875,0],[139.65625,158.47137451171875,0],[138.337890625,158.68621826171875,0],[137.107421875,158.68621826171875,0],[136.228515625,158.68621826171875,0],[135.4375,158.68621826171875,0],[134.734375,158.47137451171875,0],[134.119140625,158.25653076171875,1]],"info":{"wordIdx":158,"sampleIdx":2}}