{"word":"pes","data":[[93.77734375,167.27996826171875,0],[94.48046875,173.29559326171875,0],[94.83203125,179.74090576171875,0],[94.392578125,185.54168701171875,0],[93.6015625,190.69793701171875,0],[92.634765625,196.28387451171875,0],[91.66796875,199.93621826171875,0],[89.91015625,206.59637451171875,1],[90.7890625,150.09246826171875,0],[93.513671875,152.45574951171875,0],[96.150390625,155.03387451171875,0],[99.40234375,159.11590576171875,0],[101.599609375,162.33856201171875,0],[102.91796875,164.91668701171875,0],[103.4453125,166.85028076171875,0],[103.62109375,168.99871826171875,0],[103.357421875,169.85809326171875,0],[102.91796875,170.93231201171875,0],[102.21484375,171.79168701171875,0],[100.896484375,172.43621826171875,0],[96.94140625,172.22137451171875,0],[93.77734375,170.50262451171875,0],[88.064453125,167.49481201171875,1],[115.75,162.98309326171875,0],[119.001953125,158.47137451171875,0],[120.759765625,155.24871826171875,0],[121.7265625,152.88543701171875,0],[122.166015625,151.16668701171875,0],[122.25390625,150.52215576171875,0],[122.166015625,149.87762451171875,0],[122.078125,149.66278076171875,0],[121.55078125,149.44793701171875,0],[119.880859375,149.44793701171875,0],[117.947265625,150.52215576171875,0],[116.8046875,151.38153076171875,0],[113.904296875,156.10809326171875,0],[112.76171875,159.97528076171875,0],[112.5859375,164.27215576171875,0],[113.201171875,167.92449951171875,0],[114.431640625,170.93231201171875,0],[115.837890625,173.29559326171875,0],[117.33203125,174.58465576171875,0],[120.671875,176.08856201171875,0],[124.5390625,175.65887451171875,0],[131.482421875,175.01434326171875,1],[141.94140625,148.80340576171875,0],[141.326171875,149.87762451171875,0],[140.974609375,152.02606201171875,0],[141.58984375,154.38934326171875,0],[143.611328125,157.61199951171875,0],[146.072265625,160.40496826171875,0],[148.796875,162.98309326171875,0],[151.521484375,165.13153076171875,0],[152.83984375,166.42059326171875,0],[153.806640625,167.49481201171875,0],[154.509765625,168.35418701171875,0],[154.861328125,168.78387451171875,0],[154.861328125,168.99871826171875,0],[154.861328125,168.99871826171875,0],[153.54296875,169.64324951171875,0],[149.587890625,169.42840576171875,0],[146.16015625,168.35418701171875,0],[139.919921875,166.42059326171875,1]],"info":{"wordIdx":158,"sampleIdx":0}}