{"word":"les","data":[[87.185546875,149.23309326171875,0],[88.6796875,155.24871826171875,0],[89.734375,161.47918701171875,0],[90.4375,166.42059326171875,0],[90.876953125,171.79168701171875,0],[91.228515625,175.87371826171875,0],[91.404296875,179.74090576171875,0],[91.228515625,182.74871826171875,0],[90.61328125,184.89715576171875,0],[89.470703125,188.76434326171875,1],[114.783203125,181.67449951171875,0],[116.013671875,179.52606201171875,0],[116.892578125,177.37762451171875,0],[117.068359375,176.30340576171875,0],[117.068359375,174.79949951171875,0],[116.8046875,174.15496826171875,0],[116.365234375,173.51043701171875,0],[115.92578125,173.08074951171875,0],[115.134765625,172.43621826171875,0],[114.080078125,172.22137451171875,0],[113.025390625,172.43621826171875,0],[111.8828125,172.86590576171875,0],[111.00390625,173.72528076171875,0],[109.94921875,175.22918701171875,0],[108.806640625,178.45184326171875,0],[108.54296875,181.24481201171875,0],[108.89453125,183.39324951171875,0],[109.59765625,185.11199951171875,0],[110.740234375,186.83074951171875,0],[112.322265625,188.33465576171875,0],[114.51953125,189.40887451171875,0],[117.244140625,190.26824951171875,0],[120.056640625,190.48309326171875,0],[121.814453125,190.05340576171875,0],[125.681640625,188.76434326171875,0],[132.625,186.61590576171875,1],[150.02734375,161.04949951171875,0],[148.97265625,161.26434326171875,0],[148.357421875,161.47918701171875,0],[147.830078125,161.90887451171875,0],[147.302734375,162.33856201171875,0],[146.775390625,162.98309326171875,0],[146.3359375,164.27215576171875,0],[146.072265625,165.56121826171875,0],[146.248046875,166.85028076171875,0],[146.6875,167.92449951171875,0],[147.390625,168.99871826171875,0],[148.533203125,170.28778076171875,0],[150.466796875,172.00653076171875,0],[153.19140625,173.94012451171875,0],[155.388671875,175.44403076171875,0],[157.234375,176.73309326171875,0],[158.640625,178.02215576171875,0],[159.607421875,178.88153076171875,0],[160.310546875,179.74090576171875,0],[160.662109375,180.38543701171875,0],[160.75,181.02996826171875,0],[160.486328125,182.10418701171875,0],[159.607421875,182.96356201171875,0],[157.322265625,184.68231201171875,0],[153.71875,186.18621826171875,0],[150.115234375,187.04559326171875,0],[146.775390625,187.04559326171875,0],[143.435546875,186.18621826171875,0],[137.37109375,184.68231201171875,1]],"info":{"wordIdx":151,"sampleIdx":0}}