{"word":"les","data":[[90.173828125,139.77996826171875,0],[90.96484375,145.58074951171875,0],[91.4921875,151.81121826171875,0],[91.931640625,157.61199951171875,0],[91.931640625,163.62762451171875,0],[91.580078125,168.78387451171875,0],[91.228515625,173.29559326171875,0],[90.701171875,177.37762451171875,0],[90.0859375,180.60028076171875,0],[89.55859375,183.17840576171875,0],[88.591796875,187.90496826171875,1],[118.650390625,180.38543701171875,0],[119.44140625,178.45184326171875,0],[119.6171875,177.16278076171875,0],[119.529296875,176.51824951171875,0],[119.08984375,175.65887451171875,0],[116.62890625,174.58465576171875,0],[114.255859375,174.36981201171875,0],[112.849609375,174.79949951171875,0],[111.53125,175.65887451171875,0],[110.4765625,176.51824951171875,0],[109.421875,178.45184326171875,0],[108.630859375,180.81512451171875,0],[108.630859375,182.74871826171875,0],[109.158203125,184.68231201171875,0],[110.212890625,186.18621826171875,0],[111.70703125,187.47528076171875,0],[113.728515625,188.76434326171875,0],[115.837890625,189.62371826171875,0],[119.705078125,189.62371826171875,0],[126.6484375,189.62371826171875,1],[135.525390625,169.42840576171875,0],[134.20703125,170.93231201171875,0],[133.15234375,172.43621826171875,0],[132.44921875,173.72528076171875,0],[132.009765625,174.79949951171875,0],[131.833984375,175.87371826171875,0],[131.921875,177.16278076171875,0],[132.361328125,178.23699951171875,0],[133.328125,179.74090576171875,0],[134.3828125,180.60028076171875,0],[137.1953125,182.96356201171875,0],[139.48046875,184.68231201171875,0],[141.4140625,185.97137451171875,0],[142.8203125,186.83074951171875,0],[143.787109375,187.47528076171875,0],[144.138671875,187.90496826171875,0],[144.2265625,187.90496826171875,0],[144.2265625,188.11981201171875,0],[144.05078125,188.54949951171875,0],[143.34765625,189.62371826171875,0],[141.23828125,191.34246826171875,0],[137.37109375,193.49090576171875,0],[134.03125,194.99481201171875,0],[130.69140625,195.85418701171875,0],[127.703125,196.49871826171875,0],[122.25390625,197.78778076171875,1]],"info":{"wordIdx":151,"sampleIdx":1}}