{"word":"les","data":[[99.75390625,147.08465576171875,0],[100.896484375,152.02606201171875,0],[101.86328125,157.82684326171875,0],[102.56640625,162.98309326171875,0],[103.005859375,167.92449951171875,0],[103.09375,172.00653076171875,0],[102.91796875,176.30340576171875,0],[102.56640625,179.52606201171875,0],[102.21484375,181.67449951171875,0],[101.86328125,183.39324951171875,0],[101.3359375,184.89715576171875,0],[100.369140625,187.69012451171875,1],[123.923828125,186.40106201171875,0],[124.802734375,185.54168701171875,0],[126.384765625,183.82293701171875,0],[127.791015625,181.24481201171875,0],[128.40625,179.74090576171875,0],[128.669921875,177.16278076171875,0],[128.58203125,176.51824951171875,0],[128.40625,175.87371826171875,0],[128.142578125,175.65887451171875,0],[127.263671875,175.44403076171875,0],[126.12109375,175.44403076171875,0],[124.802734375,176.08856201171875,0],[123.66015625,176.94793701171875,0],[122.4296875,178.66668701171875,0],[121.0234375,181.67449951171875,0],[120.408203125,183.39324951171875,0],[120.408203125,185.32684326171875,0],[120.84765625,186.83074951171875,0],[121.462890625,187.69012451171875,0],[122.166015625,188.33465576171875,0],[124.099609375,189.40887451171875,0],[126.208984375,190.05340576171875,0],[128.318359375,190.26824951171875,0],[130.33984375,189.62371826171875,0],[133.943359375,188.54949951171875,1],[147.0390625,175.65887451171875,0],[147.126953125,176.51824951171875,0],[147.56640625,177.37762451171875,0],[148.181640625,178.23699951171875,0],[149.1484375,179.31121826171875,0],[150.37890625,180.38543701171875,0],[151.78515625,181.67449951171875,0],[152.83984375,182.74871826171875,0],[153.630859375,183.60809326171875,0],[154.158203125,184.46746826171875,0],[154.509765625,185.32684326171875,0],[154.509765625,186.18621826171875,0],[154.24609375,186.83074951171875,0],[153.806640625,187.47528076171875,0],[153.3671875,187.90496826171875,0],[152.3125,188.76434326171875,0],[150.818359375,189.83856201171875,0],[149.060546875,190.69793701171875,0],[146.6875,191.77215576171875,0],[143.259765625,193.70574951171875,0],[137.01953125,197.35809326171875,1]],"info":{"wordIdx":151,"sampleIdx":2}}