{"word":"léto","data":[[88.591796875,202.94403076171875,0],[89.3828125,209.38934326171875,0],[90.0859375,214.97528076171875,0],[90.61328125,219.70184326171875,0],[90.96484375,223.56903076171875,0],[91.052734375,226.36199951171875,0],[91.052734375,228.08074951171875,0],[90.96484375,228.94012451171875,0],[90.876953125,229.79949951171875,0],[90.701171875,230.44403076171875,0],[90.349609375,231.73309326171875,1],[105.90625,214.97528076171875,0],[106.345703125,214.76043701171875,0],[106.9609375,213.90106201171875,0],[107.83984375,212.61199951171875,0],[108.279296875,211.53778076171875,0],[108.3671875,210.67840576171875,0],[108.19140625,209.81903076171875,0],[107.927734375,209.38934326171875,0],[107.576171875,209.17449951171875,0],[106.873046875,208.95965576171875,0],[105.73046875,208.74481201171875,0],[104.67578125,209.17449951171875,0],[104.060546875,209.60418701171875,0],[103.26953125,210.89324951171875,0],[102.654296875,213.47137451171875,0],[102.830078125,216.04949951171875,0],[103.4453125,218.19793701171875,0],[104.5,219.91668701171875,0],[105.5546875,221.20574951171875,0],[107.3125,222.27996826171875,0],[110.125,223.13934326171875,0],[115.134765625,224.85809326171875,1],[130.251953125,202.94403076171875,0],[130.515625,210.24871826171875,0],[130.8671875,217.12371826171875,0],[130.955078125,223.13934326171875,0],[130.779296875,226.57684326171875,0],[130.603515625,228.29559326171875,0],[130.603515625,228.51043701171875,1],[129.021484375,209.81903076171875,0],[124.890625,209.81903076171875,1],[161.62890625,213.04168701171875,0],[159.958984375,212.18231201171875,0],[158.46484375,211.75262451171875,0],[157.05859375,211.53778076171875,0],[156.267578125,211.53778076171875,0],[155.388671875,211.96746826171875,0],[154.685546875,212.39715576171875,0],[154.158203125,213.04168701171875,0],[153.630859375,214.11590576171875,0],[153.103515625,215.83465576171875,0],[153.103515625,217.33856201171875,0],[153.54296875,218.62762451171875,0],[154.333984375,219.91668701171875,0],[155.30078125,220.56121826171875,0],[156.8828125,221.42059326171875,0],[158.728515625,221.85028076171875,0],[160.662109375,221.85028076171875,0],[163.2109375,221.63543701171875,0],[167.78125,221.42059326171875,1]],"info":{"wordIdx":213,"sampleIdx":1}}