{"word":"asi","data":[[122.4296875,201.65496826171875,0],[119.529296875,202.72918701171875,0],[117.068359375,204.01824951171875,0],[114.783203125,205.52215576171875,0],[113.376953125,206.81121826171875,0],[112.146484375,208.10028076171875,0],[110.65234375,210.03387451171875,0],[110.037109375,211.32293701171875,0],[109.685546875,212.18231201171875,0],[109.685546875,213.04168701171875,0],[109.861328125,213.47137451171875,0],[110.388671875,213.90106201171875,0],[112.5859375,214.11590576171875,0],[115.662109375,213.68621826171875,0],[117.771484375,213.04168701171875,0],[120.056640625,211.32293701171875,0],[122.25390625,209.17449951171875,0],[125.2421875,205.52215576171875,0],[127.3515625,201.86981201171875,0],[129.021484375,198.00262451171875,0],[129.900390625,194.99481201171875,0],[130.427734375,192.63153076171875,0],[130.603515625,190.26824951171875,0],[130.427734375,188.54949951171875,0],[130.076171875,187.47528076171875,0],[129.724609375,186.61590576171875,0],[129.197265625,185.97137451171875,0],[127.439453125,184.89715576171875,0],[125.505859375,184.25262451171875,0],[123.396484375,184.03778076171875,0],[121.462890625,184.25262451171875,0],[119.001953125,184.89715576171875,0],[116.892578125,185.97137451171875,0],[115.310546875,187.04559326171875,0],[112.41015625,188.97918701171875,1],[148.181640625,199.29168701171875,0],[148.708984375,201.01043701171875,0],[149.32421875,202.51434326171875,0],[149.939453125,203.58856201171875,0],[150.73046875,204.87762451171875,0],[151.43359375,205.95184326171875,0],[151.9609375,206.81121826171875,0],[152.3125,207.67059326171875,0],[152.48828125,208.31512451171875,0],[152.48828125,209.17449951171875,0],[152.224609375,209.81903076171875,0],[151.521484375,210.67840576171875,0],[150.291015625,211.75262451171875,0],[148.181640625,213.04168701171875,0],[146.072265625,214.11590576171875,0],[143.875,214.76043701171875,0],[141.765625,215.19012451171875,0],[137.8984375,216.04949951171875,1],[181.31640625,191.98699951171875,0],[181.404296875,195.85418701171875,0],[181.404296875,199.93621826171875,0],[181.228515625,203.15887451171875,0],[180.96484375,206.16668701171875,0],[180.61328125,207.88543701171875,0],[180.349609375,209.17449951171875,0],[180.173828125,209.81903076171875,0],[179.998046875,210.24871826171875,0],[179.998046875,210.24871826171875,1],[179,151,1]],"info":{"wordIdx":247,"sampleIdx":1}}