{"word":"tři","data":[[90.701171875,205.09246826171875,0],[90.876953125,212.18231201171875,0],[91.140625,217.98309326171875,0],[91.228515625,222.92449951171875,0],[91.140625,226.36199951171875,0],[90.96484375,228.94012451171875,0],[90.7890625,230.22918701171875,0],[90.525390625,230.87371826171875,0],[89.998046875,232.16278076171875,1],[94.3046875,202.08465576171875,0],[91.052734375,203.37371826171875,0],[88.064453125,204.01824951171875,0],[86.130859375,204.66278076171875,0],[84.98828125,205.09246826171875,0],[84.197265625,205.30731201171875,0],[83.669921875,205.73699951171875,0],[83.318359375,205.95184326171875,1],[114.51953125,214.76043701171875,0],[114.51953125,219.05731201171875,0],[114.51953125,222.27996826171875,0],[114.431640625,224.64324951171875,0],[114.34375,226.36199951171875,0],[114.16796875,227.43621826171875,0],[114.080078125,228.08074951171875,0],[113.904296875,229.36981201171875,1],[118.38671875,209.60418701171875,0],[119.265625,208.74481201171875,0],[121.0234375,206.59637451171875,0],[124.1875,202.72918701171875,1],[135.173828125,211.75262451171875,0],[134.91015625,214.54559326171875,0],[134.646484375,216.69403076171875,0],[134.3828125,217.98309326171875,0],[134.20703125,218.41278076171875,0],[133.943359375,218.84246826171875,1],[131,176,1],[108.630859375,175.22918701171875,0],[110.037109375,175.65887451171875,0],[111.091796875,175.87371826171875,0],[112.9375,176.30340576171875,1]],"info":{"wordIdx":296,"sampleIdx":2}}