{"word":"tři","data":[[114.431640625,178.23699951171875,0],[114.87109375,183.82293701171875,0],[115.486328125,189.83856201171875,0],[116.013671875,195.85418701171875,0],[116.62890625,201.01043701171875,0],[116.892578125,204.66278076171875,0],[116.98046875,208.10028076171875,0],[116.98046875,210.89324951171875,0],[116.892578125,212.82684326171875,0],[116.8046875,213.90106201171875,0],[116.716796875,214.76043701171875,0],[116.716796875,214.97528076171875,0],[116.716796875,214.97528076171875,0],[116.716796875,214.97528076171875,0],[116.716796875,214.97528076171875,1],[116.27734375,191.34246826171875,0],[114.080078125,191.34246826171875,0],[111.970703125,191.34246826171875,0],[110.30078125,191.34246826171875,0],[109.24609375,191.34246826171875,0],[108.71875,191.55731201171875,0],[107.751953125,191.98699951171875,1],[140.7109375,200.15106201171875,0],[140.7109375,203.37371826171875,0],[140.7109375,205.95184326171875,0],[140.7109375,208.31512451171875,0],[140.7109375,210.46356201171875,0],[140.623046875,212.18231201171875,0],[140.623046875,213.25653076171875,0],[140.53515625,213.90106201171875,0],[140.447265625,214.76043701171875,0],[140.447265625,214.97528076171875,0],[140.447265625,214.97528076171875,1],[147.302734375,198.86199951171875,0],[148.09375,198.21746826171875,0],[149.5,197.14324951171875,0],[150.818359375,196.28387451171875,0],[152.400390625,195.20965576171875,0],[155.212890625,193.27606201171875,1],[145.984375,181.45965576171875,0],[147.21484375,182.53387451171875,0],[149.67578125,184.25262451171875,0],[151.78515625,184.89715576171875,0],[153.982421875,184.89715576171875,0],[155.037109375,184.46746826171875,0],[156.00390625,183.82293701171875,0],[157.673828125,182.74871826171875,1],[167.341796875,205.73699951171875,0],[166.990234375,206.59637451171875,1],[171,171,1]],"info":{"wordIdx":296,"sampleIdx":1}}