{"word":"tři","data":[[114.431640625,190.05340576171875,0],[114.431640625,196.06903076171875,0],[114.34375,202.94403076171875,0],[114.255859375,210.46356201171875,0],[114.34375,217.55340576171875,0],[114.255859375,223.35418701171875,0],[114.16796875,228.94012451171875,0],[114.16796875,234.74090576171875,0],[114.16796875,236.24481201171875,0],[114.34375,237.10418701171875,0],[114.607421875,238.82293701171875,1],[113.904296875,196.49871826171875,0],[110.037109375,196.49871826171875,0],[107.576171875,196.71356201171875,0],[103.09375,197.14324951171875,1],[131.74609375,207.02606201171875,0],[131.39453125,211.53778076171875,0],[131.21875,216.04949951171875,0],[131.130859375,219.70184326171875,0],[131.130859375,222.49481201171875,0],[131.04296875,224.64324951171875,0],[130.955078125,226.14715576171875,0],[130.8671875,227.00653076171875,0],[130.69140625,227.65106201171875,0],[130.69140625,228.08074951171875,0],[130.69140625,228.94012451171875,1],[141.23828125,202.08465576171875,0],[144.05078125,199.07684326171875,1],[137.458984375,179.31121826171875,0],[138.865234375,180.38543701171875,0],[140.271484375,181.24481201171875,0],[142.8203125,182.10418701171875,0],[147.390625,183.82293701171875,1],[163.826171875,213.25653076171875,0],[163.474609375,216.69403076171875,0],[163.123046875,219.70184326171875,0],[162.771484375,222.06512451171875,0],[162.419921875,223.99871826171875,0],[162.068359375,225.71746826171875,0],[161.98046875,226.57684326171875,0],[161.8046875,228.29559326171875,1],[172,174,1]],"info":{"wordIdx":296,"sampleIdx":0}}