{"word":"víc","data":[[100.369140625,191.77215576171875,0],[100.984375,197.14324951171875,0],[101.86328125,202.72918701171875,0],[103.005859375,207.88543701171875,0],[103.884765625,211.96746826171875,0],[104.67578125,214.97528076171875,0],[105.291015625,217.55340576171875,0],[105.73046875,218.84246826171875,0],[105.994140625,219.48699951171875,0],[106.169921875,219.91668701171875,0],[106.169921875,219.91668701171875,0],[106.2578125,219.91668701171875,0],[107.048828125,219.05731201171875,0],[110.30078125,212.18231201171875,0],[112.673828125,205.30731201171875,0],[114.607421875,198.86199951171875,0],[116.189453125,193.49090576171875,0],[117.419921875,189.62371826171875,0],[118.2109375,187.26043701171875,0],[118.650390625,185.97137451171875,0],[118.73828125,185.97137451171875,1],[141.0625,195.63934326171875,0],[141.0625,199.50653076171875,0],[141.150390625,202.29949951171875,0],[141.150390625,204.87762451171875,0],[141.150390625,206.59637451171875,0],[141.150390625,207.24090576171875,0],[141.150390625,207.88543701171875,0],[141.150390625,209.17449951171875,1],[152.576171875,159.54559326171875,0],[154.685546875,157.18231201171875,0],[156.619140625,154.81903076171875,0],[157.849609375,153.52996826171875,0],[158.640625,152.67059326171875,0],[159.607421875,151.81121826171875,0],[161.27734375,150.30731201171875,1],[178.064453125,188.97918701171875,0],[176.74609375,190.05340576171875,0],[175.955078125,190.91278076171875,0],[174.197265625,193.27606201171875,0],[173.23046875,195.42449951171875,0],[172.966796875,198.64715576171875,0],[173.845703125,201.65496826171875,0],[175.603515625,204.66278076171875,0],[177.888671875,207.45574951171875,0],[181.404296875,210.24871826171875,0],[185.798828125,212.82684326171875,0],[189.9296875,214.33074951171875,0],[193.4453125,214.76043701171875,0],[195.642578125,214.11590576171875,0],[199.59765625,213.04168701171875,1]],"info":{"wordIdx":312,"sampleIdx":1}}