{"word":"víc","data":[[111.443359375,199.29168701171875,0],[111.70703125,202.94403076171875,0],[112.05859375,205.95184326171875,0],[112.673828125,209.38934326171875,0],[113.11328125,211.53778076171875,0],[113.640625,213.47137451171875,0],[113.9921875,214.54559326171875,0],[114.34375,215.40496826171875,0],[114.6953125,216.04949951171875,0],[114.87109375,216.26434326171875,0],[115.3984375,216.26434326171875,0],[116.189453125,215.83465576171875,0],[118.298828125,213.04168701171875,0],[121.375,206.81121826171875,0],[123.220703125,201.44012451171875,0],[124.626953125,196.92840576171875,0],[125.59375,193.70574951171875,0],[126.033203125,192.20184326171875,0],[126.6484375,191.55731201171875,0],[127.703125,190.48309326171875,1],[149.939453125,194.35028076171875,0],[150.203125,197.57293701171875,0],[150.291015625,200.36590576171875,0],[150.203125,202.29949951171875,0],[150.115234375,203.37371826171875,0],[150.02734375,204.44793701171875,0],[150.115234375,205.09246826171875,0],[150.203125,206.38153076171875,1],[160.046875,154.17449951171875,0],[162.068359375,152.88543701171875,0],[163.38671875,151.81121826171875,0],[164.177734375,150.95184326171875,0],[164.880859375,150.52215576171875,0],[165.408203125,149.87762451171875,0],[166.287109375,148.80340576171875,1],[184.48046875,190.69793701171875,0],[181.66796875,191.77215576171875,0],[179.91015625,192.63153076171875,0],[178.943359375,193.27606201171875,0],[178.50390625,193.70574951171875,0],[177.537109375,195.42449951171875,0],[177.361328125,198.00262451171875,0],[177.9765625,200.58074951171875,0],[179.646484375,203.58856201171875,0],[182.01953125,206.81121826171875,0],[184.744140625,209.60418701171875,0],[188.5234375,212.61199951171875,0],[191.86328125,215.40496826171875,0],[194.412109375,217.12371826171875,0],[196.43359375,218.19793701171875,0],[198.015625,219.05731201171875,0],[199.7734375,219.70184326171875,0],[202.9375,220.99090576171875,1]],"info":{"wordIdx":312,"sampleIdx":2}}