{"word":"les","data":[[111.70703125,175.65887451171875,0],[112.146484375,185.11199951171875,0],[112.41015625,193.06121826171875,0],[112.498046875,200.36590576171875,0],[112.41015625,206.59637451171875,0],[112.498046875,211.96746826171875,0],[112.41015625,216.26434326171875,0],[112.234375,223.99871826171875,1],[138.953125,211.96746826171875,0],[141.94140625,212.39715576171875,0],[143.875,212.39715576171875,0],[145.28125,212.39715576171875,0],[145.984375,212.18231201171875,0],[146.51171875,211.96746826171875,0],[146.6875,211.53778076171875,0],[146.775390625,210.89324951171875,0],[146.51171875,209.81903076171875,0],[145.720703125,208.52996826171875,0],[144.841796875,207.67059326171875,0],[142.46875,206.16668701171875,0],[140.271484375,205.30731201171875,0],[138.689453125,205.09246826171875,0],[137.37109375,205.30731201171875,0],[136.404296875,205.95184326171875,0],[135.61328125,206.81121826171875,0],[134.998046875,209.60418701171875,0],[135.349609375,212.82684326171875,0],[136.4921875,215.83465576171875,0],[137.8984375,218.19793701171875,0],[139.568359375,220.13153076171875,0],[142.29296875,222.27996826171875,0],[145.6328125,223.78387451171875,0],[148.4453125,223.99871826171875,0],[153.455078125,224.42840576171875,1],[178.240234375,204.23309326171875,0],[177.888671875,204.66278076171875,0],[177.44921875,205.73699951171875,0],[177.185546875,208.31512451171875,0],[177.712890625,211.32293701171875,0],[178.85546875,214.33074951171875,0],[179.998046875,216.90887451171875,0],[181.140625,219.70184326171875,0],[182.01953125,221.85028076171875,0],[182.634765625,223.78387451171875,0],[182.8984375,225.50262451171875,0],[182.8984375,226.79168701171875,0],[182.634765625,227.65106201171875,0],[182.37109375,227.86590576171875,0],[181.404296875,228.51043701171875,0],[179.822265625,228.72528076171875,0],[176.921875,228.51043701171875,0],[171.6484375,228.29559326171875,1]],"info":{"wordIdx":365,"sampleIdx":1}}