{"word":"les","data":[[99.2265625,198.64715576171875,0],[99.666015625,204.23309326171875,0],[100.193359375,209.17449951171875,0],[100.45703125,213.47137451171875,0],[100.6328125,216.26434326171875,0],[100.720703125,217.55340576171875,0],[101.248046875,220.77606201171875,0],[102.126953125,226.57684326171875,1],[119.44140625,215.61981201171875,0],[122.4296875,214.11590576171875,0],[125.154296875,212.39715576171875,0],[126.296875,211.32293701171875,0],[128.669921875,208.31512451171875,0],[129.8125,206.59637451171875,0],[130.33984375,205.30731201171875,0],[130.603515625,204.44793701171875,0],[130.603515625,203.58856201171875,0],[130.33984375,202.94403076171875,0],[129.98828125,202.51434326171875,0],[128.93359375,202.08465576171875,0],[127.087890625,201.86981201171875,0],[125.2421875,202.08465576171875,0],[123.8359375,202.72918701171875,0],[122.78125,203.58856201171875,0],[121.7265625,204.87762451171875,0],[120.759765625,207.24090576171875,0],[120.408203125,210.46356201171875,0],[120.84765625,213.47137451171875,0],[121.55078125,215.61981201171875,0],[122.869140625,217.98309326171875,0],[124.275390625,219.91668701171875,0],[125.681640625,221.20574951171875,0],[127.87890625,222.49481201171875,0],[130.33984375,223.35418701171875,0],[134.734375,225.07293701171875,1],[160.486328125,191.77215576171875,0],[158.2890625,194.35028076171875,0],[156.70703125,196.71356201171875,0],[155.4765625,198.86199951171875,0],[154.685546875,200.58074951171875,0],[153.982421875,202.29949951171875,0],[153.71875,203.80340576171875,0],[153.89453125,205.30731201171875,0],[154.685546875,207.02606201171875,0],[155.828125,208.95965576171875,0],[157.498046875,210.89324951171875,0],[159.51953125,213.04168701171875,0],[161.716796875,215.19012451171875,0],[163.474609375,217.12371826171875,0],[164.880859375,219.48699951171875,0],[165.935546875,221.42059326171875,0],[166.375,223.35418701171875,0],[166.287109375,224.64324951171875,0],[166.0234375,225.71746826171875,0],[165.408203125,226.36199951171875,0],[164.177734375,227.43621826171875,0],[161.189453125,228.51043701171875,0],[155.740234375,230.44403076171875,1]],"info":{"wordIdx":365,"sampleIdx":0}}