{"word":"les","data":[[111.70703125,159.97528076171875,0],[111.970703125,167.06512451171875,0],[112.322265625,173.94012451171875,0],[113.025390625,181.24481201171875,0],[113.81640625,188.11981201171875,0],[114.607421875,195.42449951171875,0],[115.310546875,200.15106201171875,0],[115.837890625,203.80340576171875,0],[116.013671875,206.16668701171875,0],[115.92578125,207.02606201171875,0],[115.75,208.74481201171875,1],[140.271484375,205.95184326171875,0],[141.150390625,205.30731201171875,0],[141.853515625,204.66278076171875,0],[143.34765625,202.51434326171875,0],[144.2265625,200.15106201171875,0],[144.40234375,197.78778076171875,0],[144.138671875,196.28387451171875,0],[143.69921875,195.20965576171875,0],[142.99609375,194.35028076171875,0],[142.029296875,193.70574951171875,0],[140.359375,193.06121826171875,0],[138.953125,193.06121826171875,0],[137.810546875,193.49090576171875,0],[136.931640625,194.56512451171875,0],[136.140625,197.14324951171875,0],[136.140625,200.15106201171875,0],[136.755859375,203.15887451171875,0],[137.8984375,206.16668701171875,0],[139.3046875,208.52996826171875,0],[141.23828125,211.53778076171875,0],[142.99609375,213.47137451171875,0],[145.017578125,214.97528076171875,0],[147.302734375,216.26434326171875,0],[149.67578125,216.69403076171875,0],[153.89453125,217.55340576171875,1],[173.845703125,199.72137451171875,0],[173.318359375,199.72137451171875,0],[172.966796875,199.93621826171875,0],[172.966796875,199.93621826171875,0],[172.966796875,199.93621826171875,0],[173.0546875,200.58074951171875,0],[173.669921875,201.86981201171875,0],[175.779296875,205.30731201171875,0],[177.712890625,208.52996826171875,0],[179.91015625,212.61199951171875,0],[181.228515625,215.83465576171875,0],[182.01953125,218.41278076171875,0],[182.458984375,220.56121826171875,0],[182.37109375,222.06512451171875,0],[182.01953125,223.35418701171875,0],[181.580078125,224.21356201171875,0],[181.140625,224.85809326171875,0],[180.349609375,225.28778076171875,0],[178.85546875,225.93231201171875,0],[177.888671875,226.14715576171875,0],[176.130859375,226.57684326171875,1]],"info":{"wordIdx":365,"sampleIdx":2}}