{"word":"D","data":[[132.888671875,150.30731201171875,0],[132.712890625,159.33074951171875,0],[132.712890625,168.99871826171875,0],[132.712890625,178.66668701171875,0],[132.9765625,187.26043701171875,0],[133.50390625,195.63934326171875,0],[133.767578125,201.01043701171875,0],[133.85546875,204.66278076171875,0],[133.767578125,205.52215576171875,0],[133.591796875,207.24090576171875,1],[139.12890625,147.72918701171875,0],[141.58984375,149.66278076171875,0],[144.75390625,152.88543701171875,0],[148.181640625,156.96746826171875,0],[150.73046875,160.61981201171875,0],[152.576171875,164.05731201171875,0],[153.630859375,166.63543701171875,0],[154.59765625,169.85809326171875,0],[155.125,172.65106201171875,0],[155.4765625,175.44403076171875,0],[155.4765625,178.23699951171875,0],[155.037109375,181.02996826171875,0],[154.24609375,184.03778076171875,0],[153.19140625,186.83074951171875,0],[152.048828125,188.97918701171875,0],[150.466796875,191.34246826171875,0],[148.97265625,193.49090576171875,0],[147.0390625,195.85418701171875,0],[145.369140625,197.57293701171875,0],[143.875,199.07684326171875,0],[142.46875,200.15106201171875,0],[141.0625,201.44012451171875,0],[139.568359375,202.29949951171875,0],[136.84375,204.01824951171875,1]],"info":{"wordIdx":396,"sampleIdx":2}}