{"word":"Ď","data":[[118.298828125,177.16278076171875,0],[117.859375,183.82293701171875,0],[117.33203125,191.98699951171875,0],[117.068359375,199.29168701171875,0],[116.541015625,205.95184326171875,0],[116.013671875,211.75262451171875,0],[115.662109375,217.55340576171875,0],[115.310546875,221.63543701171875,0],[115.134765625,223.99871826171875,0],[114.958984375,225.50262451171875,0],[114.607421875,228.29559326171875,1],[123.484375,172.00653076171875,0],[127.87890625,172.43621826171875,0],[131.833984375,174.15496826171875,0],[135.173828125,176.51824951171875,0],[138.162109375,179.74090576171875,0],[141.677734375,184.25262451171875,0],[144.138671875,188.33465576171875,0],[145.720703125,192.41668701171875,0],[146.51171875,196.49871826171875,0],[146.423828125,201.01043701171875,0],[145.6328125,205.30731201171875,0],[144.2265625,209.60418701171875,0],[142.1171875,214.97528076171875,0],[139.65625,218.84246826171875,0],[136.84375,222.92449951171875,0],[133.50390625,226.57684326171875,0],[129.548828125,230.01434326171875,0],[125.59375,232.80731201171875,0],[121.90234375,234.95574951171875,0],[119.001953125,236.45965576171875,0],[116.453125,237.31903076171875,0],[114.431640625,237.74871826171875,0],[112.849609375,237.74871826171875,0],[112.41015625,237.53387451171875,0],[111.619140625,237.31903076171875,1],[119.44140625,234.31121826171875,0],[119.353515625,235.81512451171875,0],[119.353515625,236.88934326171875,0],[119.353515625,237.96356201171875,0],[119.353515625,238.82293701171875,0],[119.353515625,239.68231201171875,0],[119.353515625,240.54168701171875,0],[119.44140625,241.18621826171875,0],[119.6171875,242.04559326171875,0],[119.79296875,242.47528076171875,0],[119.880859375,242.47528076171875,1],[141.765625,125.81510925292969,0],[143.787109375,128.6080780029297,0],[145.720703125,130.5416717529297,0],[149.5,133.5494842529297,0],[153.19140625,135.4830780029297,0],[156.1796875,136.3424530029297,0],[159.255859375,136.3424530029297,0],[161.716796875,135.6979217529297,0],[164.353515625,133.7643280029297,0],[167.341796875,130.5416717529297,0],[172.703125,124.74089050292969,1]],"info":{"wordIdx":397,"sampleIdx":1}}