{"word":"cíl","data":[[89.646484375,139.13543701171875,0],[86.306640625,140.85418701171875,0],[83.669921875,142.57293701171875,0],[81.296875,144.07684326171875,0],[79.451171875,145.79559326171875,0],[77.341796875,148.15887451171875,0],[75.14453125,151.81121826171875,0],[73.73828125,155.46356201171875,0],[73.123046875,158.90106201171875,0],[73.123046875,162.76824951171875,0],[73.826171875,166.42059326171875,0],[74.96875,170.07293701171875,0],[76.638671875,173.08074951171875,0],[78.220703125,175.22918701171875,0],[80.857421875,177.16278076171875,0],[85.427734375,179.31121826171875,0],[89.294921875,179.95574951171875,0],[92.634765625,179.31121826171875,0],[95.7109375,177.59246826171875,0],[98.171875,175.87371826171875,0],[101.248046875,173.08074951171875,0],[106.78515625,168.13934326171875,1],[114.080078125,148.15887451171875,0],[114.6953125,152.88543701171875,0],[115.22265625,157.39715576171875,0],[115.662109375,161.04949951171875,0],[115.837890625,163.84246826171875,0],[116.013671875,165.56121826171875,0],[116.013671875,166.63543701171875,0],[116.013671875,167.27996826171875,0],[116.013671875,167.70965576171875,0],[116.013671875,167.70965576171875,1],[113.376953125,107.55339050292969,0],[114.51953125,105.61979675292969,0],[115.662109375,103.68620300292969,0],[116.189453125,102.39714050292969,0],[117.068359375,100.24870300292969,1],[137.1953125,109.27214050292969,0],[137.634765625,118.08073425292969,0],[137.810546875,128.3932342529297,0],[137.986328125,137.41668701171875,0],[137.8984375,146.01043701171875,0],[137.8984375,153.95965576171875,0],[137.986328125,159.54559326171875,0],[137.986328125,163.84246826171875,0],[137.8984375,166.20574951171875,0],[137.810546875,167.06512451171875,0],[137.634765625,167.70965576171875,1]],"info":{"wordIdx":390,"sampleIdx":0}}