{"word":"E","data":[[128.93359375,139.56512451171875,0],[129.724609375,147.29949951171875,0],[130.33984375,154.81903076171875,0],[131.04296875,163.84246826171875,0],[131.833984375,172.43621826171875,0],[132.712890625,180.38543701171875,0],[133.591796875,188.76434326171875,0],[134.55859375,196.28387451171875,0],[135.4375,202.72918701171875,0],[136.228515625,208.95965576171875,0],[136.84375,214.97528076171875,0],[137.37109375,220.77606201171875,0],[137.8984375,225.28778076171875,0],[138.25,229.15496826171875,0],[138.513671875,232.37762451171875,0],[138.77734375,234.95574951171875,0],[138.953125,236.88934326171875,0],[139.12890625,238.60809326171875,0],[139.216796875,239.89715576171875,0],[139.3046875,240.75653076171875,0],[139.3046875,240.75653076171875,0],[139.3046875,240.75653076171875,0],[139.3046875,240.75653076171875,0],[139.3046875,240.75653076171875,0],[139.3046875,240.75653076171875,0],[139.3046875,240.75653076171875,0],[140.0078125,240.11199951171875,0],[142.29296875,238.60809326171875,0],[145.10546875,236.67449951171875,0],[148.4453125,234.95574951171875,0],[152.576171875,233.02215576171875,0],[156.53125,231.51824951171875,0],[160.046875,230.22918701171875,0],[164.001953125,229.36981201171875,0],[167.4296875,228.94012451171875,0],[170.505859375,228.94012451171875,0],[172.966796875,229.15496826171875,0],[174.548828125,229.36981201171875,0],[175.8671875,229.36981201171875,0],[177.537109375,229.58465576171875,0],[180.525390625,230.01434326171875,1],[141.0625,191.12762451171875,0],[144.2265625,190.05340576171875,0],[148.533203125,188.54949951171875,0],[152.927734375,187.26043701171875,0],[156.443359375,185.97137451171875,0],[160.046875,184.68231201171875,0],[163.474609375,183.60809326171875,0],[166.287109375,182.96356201171875,0],[168.396484375,182.53387451171875,0],[169.451171875,182.31903076171875,0],[170.2421875,182.10418701171875,0],[171.6484375,181.88934326171875,1],[135.96484375,139.99481201171875,0],[141.326171875,140.85418701171875,0],[146.072265625,141.06903076171875,0],[150.466796875,141.06903076171875,0],[153.806640625,140.63934326171875,0],[156.443359375,140.20965576171875,0],[157.234375,139.77996826171875,0],[158.640625,139.13543701171875,1]],"info":{"wordIdx":398,"sampleIdx":0}}