{"word":"B","data":[[117.68359375,124.31120300292969,0],[119.08984375,131.1862030029297,0],[120.583984375,139.77996826171875,0],[121.814453125,149.66278076171875,0],[123.220703125,159.11590576171875,0],[124.36328125,169.21356201171875,0],[125.06640625,178.02215576171875,0],[125.857421875,186.18621826171875,0],[126.6484375,194.35028076171875,0],[127.087890625,200.79559326171875,0],[127.087890625,205.73699951171875,0],[127,210.89324951171875,0],[126.736328125,215.19012451171875,0],[126.296875,219.05731201171875,0],[125.505859375,226.14715576171875,1],[126.736328125,125.38542175292969,0],[131.130859375,126.88932800292969,0],[135.876953125,129.2526092529297,0],[140.0078125,132.0455780029297,0],[144.75390625,135.6979217529297,0],[148.708984375,139.13543701171875,0],[152.13671875,143.00262451171875,0],[154.861328125,146.22528076171875,0],[157.5859375,150.30731201171875,0],[159.34375,153.95965576171875,0],[160.310546875,157.61199951171875,0],[160.486328125,161.04949951171875,0],[159.6953125,164.91668701171875,0],[158.11328125,167.92449951171875,0],[155.564453125,171.79168701171875,0],[152.3125,175.22918701171875,0],[148.97265625,178.45184326171875,0],[145.720703125,181.24481201171875,0],[143.083984375,183.17840576171875,0],[141.150390625,184.46746826171875,0],[139.3046875,185.75653076171875,0],[137.8984375,186.40106201171875,0],[136.755859375,186.83074951171875,0],[136.140625,186.83074951171875,0],[136.140625,186.83074951171875,0],[136.140625,186.83074951171875,0],[136.140625,186.83074951171875,0],[136.140625,186.83074951171875,0],[137.37109375,185.75653076171875,0],[140.7109375,183.82293701171875,0],[144.75390625,182.74871826171875,0],[148.26953125,182.96356201171875,0],[151.609375,184.03778076171875,0],[154.509765625,185.75653076171875,0],[156.443359375,187.69012451171875,0],[158.904296875,191.34246826171875,0],[160.22265625,194.35028076171875,0],[160.486328125,197.57293701171875,0],[159.783203125,200.36590576171875,0],[158.201171875,203.37371826171875,0],[155.828125,206.59637451171875,0],[152.83984375,209.38934326171875,0],[148.97265625,212.61199951171875,0],[145.369140625,215.61981201171875,0],[142.380859375,218.19793701171875,0],[139.919921875,220.56121826171875,0],[137.01953125,222.92449951171875,0],[134.646484375,224.85809326171875,0],[132.361328125,226.36199951171875,0],[129.28515625,228.29559326171875,0],[126.912109375,229.15496826171875,0],[124.5390625,229.36981201171875,0],[120.232421875,229.79949951171875,1]],"info":{"wordIdx":393,"sampleIdx":1}}