{"word":"E","data":[[117.419921875,151.38153076171875,0],[118.38671875,156.10809326171875,0],[119.177734375,161.26434326171875,0],[120.056640625,167.06512451171875,0],[120.935546875,173.51043701171875,0],[121.462890625,179.09637451171875,0],[122.25390625,184.89715576171875,0],[123.044921875,191.55731201171875,0],[123.66015625,197.14324951171875,0],[123.923828125,201.86981201171875,0],[124.275390625,206.81121826171875,0],[124.626953125,210.46356201171875,0],[124.978515625,213.90106201171875,0],[125.154296875,216.47918701171875,0],[125.154296875,218.41278076171875,0],[125.154296875,220.13153076171875,0],[125.154296875,221.42059326171875,0],[125.06640625,222.27996826171875,0],[124.978515625,222.92449951171875,0],[124.978515625,222.92449951171875,0],[124.978515625,222.92449951171875,0],[124.978515625,222.92449951171875,0],[124.978515625,222.92449951171875,0],[124.978515625,222.92449951171875,0],[124.978515625,222.92449951171875,0],[124.978515625,222.92449951171875,0],[124.978515625,222.92449951171875,0],[124.978515625,222.92449951171875,0],[124.978515625,222.92449951171875,0],[125.76953125,223.35418701171875,0],[127.791015625,223.78387451171875,0],[130.251953125,223.99871826171875,0],[133.328125,223.99871826171875,0],[135.96484375,223.99871826171875,0],[138.42578125,223.78387451171875,0],[141.0625,223.56903076171875,0],[143.875,223.56903076171875,0],[146.6875,223.35418701171875,0],[148.97265625,222.92449951171875,0],[150.642578125,222.70965576171875,0],[151.345703125,222.49481201171875,0],[152.576171875,222.27996826171875,1],[126.560546875,190.26824951171875,0],[129.900390625,189.62371826171875,0],[133.240234375,188.97918701171875,0],[135.525390625,188.76434326171875,0],[137.72265625,188.54949951171875,0],[140.271484375,187.69012451171875,0],[144.841796875,186.18621826171875,1],[118.38671875,155.24871826171875,0],[123.30859375,154.38934326171875,0],[128.845703125,153.31512451171875,0],[133.328125,152.02606201171875,0],[137.1953125,150.73699951171875,0],[141.0625,149.44793701171875,0],[143.611328125,148.80340576171875,0],[144.40234375,148.58856201171875,0],[145.80859375,148.37371826171875,1]],"info":{"wordIdx":398,"sampleIdx":1}}