{"word":"A","data":[[124.451171875,238.39324951171875,0],[126.736328125,231.94793701171875,0],[129.373046875,222.06512451171875,0],[132.009765625,213.25653076171875,0],[134.822265625,203.37371826171875,0],[137.72265625,193.06121826171875,0],[140.18359375,183.82293701171875,0],[142.556640625,174.58465576171875,0],[144.314453125,167.27996826171875,0],[145.544921875,160.40496826171875,0],[146.6875,155.46356201171875,0],[147.478515625,151.16668701171875,0],[148.09375,148.37371826171875,0],[148.4453125,147.08465576171875,0],[148.884765625,145.58074951171875,0],[148.884765625,145.58074951171875,0],[148.884765625,145.58074951171875,0],[148.884765625,145.58074951171875,0],[148.884765625,145.58074951171875,0],[148.884765625,145.58074951171875,0],[149.32421875,146.22528076171875,0],[150.115234375,147.72918701171875,0],[151.169921875,150.73699951171875,0],[152.400390625,155.67840576171875,0],[153.3671875,162.76824951171875,0],[154.24609375,171.36199951171875,0],[154.7734375,179.74090576171875,0],[155.30078125,187.90496826171875,0],[155.916015625,196.71356201171875,0],[156.00390625,204.44793701171875,0],[156.267578125,211.96746826171875,0],[156.70703125,219.27215576171875,0],[157.322265625,225.28778076171875,0],[157.849609375,230.01434326171875,0],[158.552734375,233.88153076171875,0],[159.255859375,237.53387451171875,0],[159.607421875,242.26043701171875,0],[160.134765625,245.26824951171875,0],[161.013671875,250.85418701171875,1],[166.814453125,210.89324951171875,0],[159.783203125,208.52996826171875,0],[152.48828125,206.38153076171875,0],[141.0625,203.37371826171875,0],[134.294921875,202.29949951171875,0],[126.47265625,201.22528076171875,0],[116.98046875,200.36590576171875,0],[111.619140625,199.93621826171875,0],[106.9609375,199.72137451171875,0],[104.8515625,199.72137451171875,0],[104.236328125,199.93621826171875,0],[104.236328125,199.93621826171875,1]],"info":{"wordIdx":392,"sampleIdx":1}}