{"word":"C","data":[[174.28515625,113.35417175292969,0],[171.296875,114.64323425292969,0],[168.66015625,116.14714050292969,0],[166.814453125,117.65104675292969,0],[164.265625,120.65885925292969,0],[161.27734375,125.81510925292969,0],[159.255859375,131.4010467529297,0],[157.76171875,137.20184326171875,0],[156.794921875,143.86199951171875,0],[156.267578125,151.38153076171875,0],[156.35546875,159.11590576171875,0],[156.70703125,167.27996826171875,0],[157.673828125,176.94793701171875,0],[158.728515625,184.89715576171875,0],[160.046875,192.63153076171875,0],[161.365234375,199.50653076171875,0],[162.947265625,205.09246826171875,0],[165.232421875,210.46356201171875,0],[167.693359375,214.76043701171875,0],[170.59375,218.84246826171875,0],[173.845703125,222.49481201171875,0],[176.833984375,225.28778076171875,0],[180.0859375,228.29559326171875,0],[183.07421875,230.44403076171875,0],[186.0625,232.59246826171875,0],[188.875,234.09637451171875,0],[191.775390625,235.38543701171875,0],[194.587890625,236.02996826171875,0],[197.224609375,236.24481201171875,0],[200.388671875,235.17059326171875,0],[206.013671875,233.23699951171875,1]],"info":{"wordIdx":394,"sampleIdx":2}}