{"word":"C","data":[[179.734375,125.60026550292969,0],[175.33984375,126.67448425292969,0],[170.59375,127.74870300292969,0],[166.55078125,129.2526092529297,0],[162.595703125,131.1862030029297,0],[159.080078125,133.5494842529297,0],[155.388671875,136.9869842529297,0],[150.90625,141.92840576171875,0],[146.86328125,147.29949951171875,0],[143.5234375,153.52996826171875,0],[141.150390625,159.33074951171875,0],[139.83203125,164.70184326171875,0],[139.216796875,170.50262451171875,0],[139.041015625,176.51824951171875,0],[139.48046875,182.31903076171875,0],[140.623046875,188.33465576171875,0],[142.380859375,194.56512451171875,0],[144.314453125,200.58074951171875,0],[146.599609375,206.59637451171875,0],[148.708984375,212.18231201171875,0],[151.345703125,218.41278076171875,0],[154.421875,224.64324951171875,0],[157.234375,230.22918701171875,0],[159.6953125,236.02996826171875,0],[161.8046875,240.97137451171875,0],[163.650390625,244.83856201171875,0],[165.408203125,247.84637451171875,0],[167.078125,249.99481201171875,0],[168.748046875,252.14324951171875,0],[170.06640625,253.43231201171875,0],[171.736328125,254.72137451171875,0],[173.494140625,255.79559326171875,0],[175.515625,256.22528076171875,0],[179.119140625,257.08465576171875,1]],"info":{"wordIdx":394,"sampleIdx":1}}