{"word":"cíl","data":[[100.45703125,173.72528076171875,0],[98.259765625,174.58465576171875,0],[97.64453125,175.01434326171875,0],[96.677734375,176.08856201171875,0],[95.0078125,178.23699951171875,0],[94.041015625,180.17059326171875,0],[93.513671875,182.31903076171875,0],[93.513671875,184.25262451171875,0],[93.77734375,186.18621826171875,0],[94.48046875,187.69012451171875,0],[95.271484375,188.97918701171875,0],[96.4140625,190.26824951171875,0],[97.99609375,191.55731201171875,0],[99.9296875,192.63153076171875,0],[103.357421875,194.56512451171875,1],[125.505859375,188.33465576171875,0],[125.41796875,191.34246826171875,0],[125.505859375,194.35028076171875,0],[125.59375,199.93621826171875,1],[131.833984375,146.01043701171875,0],[134.119140625,141.71356201171875,0],[135.701171875,138.27606201171875,0],[136.755859375,135.2682342529297,0],[138.6015625,129.8971405029297,1],[161.541015625,155.24871826171875,0],[161.541015625,159.33074951171875,0],[161.541015625,162.98309326171875,0],[161.541015625,167.27996826171875,0],[161.62890625,171.79168701171875,0],[161.716796875,176.51824951171875,0],[162.068359375,181.45965576171875,0],[162.419921875,186.83074951171875,0],[162.859375,193.70574951171875,0],[163.123046875,199.72137451171875,0],[163.123046875,205.09246826171875,0],[163.03515625,209.38934326171875,0],[162.771484375,213.90106201171875,0],[162.5078125,217.33856201171875,0],[162.244140625,220.13153076171875,0],[162.068359375,221.63543701171875,0],[161.8046875,222.92449951171875,0],[161.62890625,223.78387451171875,0],[161.62890625,223.78387451171875,1]],"info":{"wordIdx":390,"sampleIdx":1}}