{"word":"E","data":[[138.42578125,177.59246826171875,0],[138.337890625,180.81512451171875,0],[138.25,184.89715576171875,0],[138.07421875,190.26824951171875,0],[138.07421875,195.42449951171875,0],[138.07421875,200.15106201171875,0],[138.07421875,205.09246826171875,0],[137.986328125,210.46356201171875,0],[138.07421875,215.61981201171875,0],[138.162109375,220.13153076171875,0],[138.07421875,223.35418701171875,0],[137.810546875,226.79168701171875,0],[137.546875,229.79949951171875,0],[137.283203125,232.16278076171875,0],[137.107421875,234.52606201171875,0],[136.931640625,236.24481201171875,0],[136.84375,237.53387451171875,0],[136.66796875,238.39324951171875,0],[136.580078125,238.82293701171875,0],[136.580078125,238.82293701171875,0],[136.580078125,238.82293701171875,0],[136.580078125,238.82293701171875,0],[136.580078125,238.82293701171875,0],[136.580078125,238.82293701171875,0],[136.580078125,238.82293701171875,0],[136.66796875,238.82293701171875,0],[137.986328125,238.82293701171875,0],[139.919921875,238.60809326171875,0],[142.46875,238.17840576171875,0],[145.896484375,237.53387451171875,0],[149.939453125,236.88934326171875,0],[153.982421875,236.45965576171875,0],[157.76171875,236.24481201171875,0],[160.75,236.02996826171875,0],[163.650390625,235.60028076171875,0],[165.671875,234.95574951171875,0],[166.90234375,234.52606201171875,0],[167.693359375,233.66668701171875,0],[168.923828125,231.94793701171875,0],[171.12109375,228.94012451171875,1],[146.775390625,205.95184326171875,0],[150.203125,205.73699951171875,0],[153.19140625,205.30731201171875,0],[155.916015625,205.09246826171875,0],[157.76171875,205.09246826171875,0],[159.255859375,204.87762451171875,0],[160.662109375,204.66278076171875,0],[161.62890625,204.44793701171875,0],[162.68359375,204.01824951171875,0],[164.529296875,203.37371826171875,1],[145.28125,181.24481201171875,0],[151.521484375,181.02996826171875,0],[156.091796875,180.38543701171875,0],[161.62890625,179.09637451171875,0],[166.0234375,178.02215576171875,0],[169.802734375,176.94793701171875,0],[172.087890625,176.08856201171875,0],[173.669921875,175.65887451171875,0],[174.63671875,175.22918701171875,0],[176.306640625,174.58465576171875,1]],"info":{"wordIdx":398,"sampleIdx":2}}