{"word":"Č","data":[[181.66796875,155.67840576171875,0],[179.3828125,155.67840576171875,0],[176.306640625,155.89324951171875,0],[173.142578125,156.53778076171875,0],[170.154296875,157.82684326171875,0],[167.517578125,159.11590576171875,0],[165.759765625,160.40496826171875,0],[164.529296875,161.47918701171875,0],[161.98046875,164.91668701171875,0],[159.6953125,169.64324951171875,0],[158.552734375,175.01434326171875,0],[158.201171875,181.02996826171875,0],[158.376953125,188.11981201171875,0],[159.080078125,195.85418701171875,0],[159.87109375,203.15887451171875,0],[161.1015625,210.24871826171875,0],[162.68359375,216.69403076171875,0],[164.265625,222.27996826171875,0],[166.19921875,227.00653076171875,0],[168.220703125,230.87371826171875,0],[170.41796875,234.09637451171875,0],[172.52734375,236.67449951171875,0],[174.98828125,238.60809326171875,0],[177.625,240.54168701171875,0],[180.0859375,241.83074951171875,0],[182.546875,242.90496826171875,0],[185.359375,243.97918701171875,0],[188.787109375,245.26824951171875,0],[190.369140625,245.48309326171875,0],[193.181640625,245.91278076171875,1],[166.375,117.86589050292969,0],[171.12109375,121.30339050292969,0],[175.515625,124.31120300292969,0],[179.55859375,126.67448425292969,0],[183.689453125,128.6080780029297,0],[187.29296875,129.6822967529297,0],[190.80859375,129.8971405029297,0],[192.830078125,128.8229217529297,0],[196.43359375,126.88932800292969,1]],"info":{"wordIdx":395,"sampleIdx":0}}