{"word":"B","data":[[117.244140625,154.60418701171875,0],[118.03515625,160.19012451171875,0],[118.9140625,167.70965576171875,0],[119.79296875,175.22918701171875,0],[121.111328125,183.60809326171875,0],[122.341796875,192.63153076171875,0],[123.1328125,199.93621826171875,0],[124.275390625,208.10028076171875,0],[125.505859375,216.26434326171875,0],[126.47265625,222.27996826171875,0],[127.087890625,227.65106201171875,0],[127.52734375,231.94793701171875,0],[127.703125,236.24481201171875,0],[127.52734375,239.03778076171875,0],[127.3515625,241.40106201171875,0],[127,245.69793701171875,1],[125.154296875,148.80340576171875,0],[129.021484375,148.37371826171875,0],[132.625,149.01824951171875,0],[135.701171875,150.73699951171875,0],[139.041015625,153.31512451171875,0],[142.380859375,156.53778076171875,0],[146.248046875,161.47918701171875,0],[148.4453125,164.48699951171875,0],[150.291015625,167.92449951171875,0],[151.43359375,170.93231201171875,0],[151.873046875,173.94012451171875,0],[151.345703125,177.16278076171875,0],[150.02734375,180.17059326171875,0],[148.26953125,182.96356201171875,0],[146.16015625,185.75653076171875,0],[144.138671875,187.90496826171875,0],[141.58984375,190.05340576171875,0],[138.77734375,192.20184326171875,0],[137.01953125,193.49090576171875,0],[135.4375,194.77996826171875,0],[134.3828125,195.63934326171875,0],[133.85546875,196.06903076171875,0],[133.591796875,196.28387451171875,0],[133.591796875,196.28387451171875,0],[133.591796875,196.28387451171875,0],[133.591796875,196.28387451171875,0],[133.591796875,196.28387451171875,0],[134.03125,196.71356201171875,0],[136.228515625,197.35809326171875,0],[139.12890625,197.78778076171875,0],[142.556640625,198.00262451171875,0],[146.16015625,198.21746826171875,0],[151.08203125,199.50653076171875,0],[155.212890625,201.44012451171875,0],[158.46484375,204.01824951171875,0],[161.541015625,207.45574951171875,0],[164.265625,212.61199951171875,0],[165.583984375,216.90887451171875,0],[166.0234375,220.56121826171875,0],[165.759765625,223.13934326171875,0],[165.14453125,225.07293701171875,0],[164.08984375,227.00653076171875,0],[162.33203125,228.94012451171875,0],[158.640625,231.73309326171875,0],[154.333984375,233.88153076171875,0],[150.115234375,236.24481201171875,0],[146.248046875,238.39324951171875,0],[142.732421875,240.32684326171875,0],[139.216796875,242.04559326171875,0],[132.888671875,245.26824951171875,1]],"info":{"wordIdx":393,"sampleIdx":0}}