{"word":"F","data":[[114.080078125,156.10809326171875,0],[115.3984375,162.98309326171875,0],[116.716796875,172.00653076171875,0],[117.5078125,181.67449951171875,0],[118.298828125,192.63153076171875,0],[118.9140625,203.80340576171875,0],[119.353515625,216.04949951171875,0],[119.705078125,225.50262451171875,0],[120.056640625,234.09637451171875,0],[120.056640625,241.40106201171875,0],[120.056640625,245.91278076171875,0],[120.056640625,249.56512451171875,0],[120.056640625,252.57293701171875,0],[120.056640625,254.93621826171875,0],[120.056640625,257.94403076171875,0],[120.056640625,260.73699951171875,0],[119.96875,262.88543701171875,0],[119.880859375,264.60418701171875,0],[119.705078125,267.82684326171875,1],[117.859375,152.24090576171875,0],[121.638671875,150.73699951171875,0],[125.41796875,149.44793701171875,0],[129.197265625,147.94403076171875,0],[132.44921875,146.44012451171875,0],[135.173828125,145.36590576171875,0],[137.1953125,144.50653076171875,0],[138.42578125,143.86199951171875,0],[139.48046875,143.43231201171875,0],[140.974609375,142.78778076171875,0],[143.611328125,141.71356201171875,1],[123.30859375,202.29949951171875,0],[124.275390625,202.29949951171875,0],[125.06640625,202.08465576171875,0],[125.76953125,202.08465576171875,0],[126.560546875,201.86981201171875,0],[127.263671875,201.65496826171875,0],[127.87890625,201.44012451171875,0],[128.40625,201.22528076171875,0],[128.669921875,201.01043701171875,0],[128.669921875,201.01043701171875,0],[128.669921875,201.01043701171875,1]],"info":{"wordIdx":399,"sampleIdx":2}}