{"word":"Č","data":[[181.4921875,153.95965576171875,0],[176.921875,152.24090576171875,0],[172.17578125,151.16668701171875,0],[168.484375,151.38153076171875,0],[164.6171875,152.24090576171875,0],[160.837890625,153.95965576171875,0],[156.70703125,156.53778076171875,0],[153.103515625,159.76043701171875,0],[148.796875,165.99090576171875,0],[145.28125,173.29559326171875,0],[143.259765625,180.38543701171875,0],[142.205078125,187.47528076171875,0],[142.1171875,194.56512451171875,0],[142.64453125,199.93621826171875,0],[144.05078125,205.09246826171875,0],[147.21484375,210.46356201171875,0],[151.521484375,215.61981201171875,0],[157.41015625,220.99090576171875,0],[164.529296875,226.36199951171875,0],[171.296875,230.01434326171875,0],[176.5703125,232.37762451171875,0],[180.876953125,233.66668701171875,0],[184.041015625,233.88153076171875,0],[186.23828125,233.66668701171875,0],[188.611328125,232.16278076171875,0],[192.830078125,229.58465576171875,1],[163.2109375,90.58073425292969,0],[165.671875,95.52214050292969,0],[169.36328125,102.61198425292969,0],[173.23046875,109.27214050292969,0],[176.833984375,115.28776550292969,0],[179.91015625,119.79948425292969,0],[182.546875,123.45182800292969,0],[184.48046875,125.38542175292969,0],[188.34765625,127.96354675292969,0],[191.599609375,129.0377655029297,0],[195.642578125,128.1783905029297,0],[199.24609375,125.81510925292969,0],[205.662109375,121.73307800292969,1]],"info":{"wordIdx":395,"sampleIdx":2}}