{"word":"Ď","data":[[128.7578125,169.85809326171875,0],[129.8125,176.51824951171875,0],[130.69140625,182.96356201171875,0],[131.39453125,188.76434326171875,0],[132.185546875,194.99481201171875,0],[132.712890625,199.93621826171875,0],[132.712890625,203.58856201171875,0],[132.361328125,206.16668701171875,0],[132.09765625,206.81121826171875,0],[131.5703125,207.24090576171875,0],[130.603515625,208.10028076171875,1],[125.9453125,159.97528076171875,0],[130.251953125,159.97528076171875,0],[134.03125,160.61981201171875,0],[137.986328125,162.33856201171875,0],[142.1171875,164.91668701171875,0],[146.248046875,167.92449951171875,0],[149.8515625,170.93231201171875,0],[153.19140625,174.15496826171875,0],[155.65234375,176.73309326171875,0],[157.673828125,179.31121826171875,0],[158.9921875,181.45965576171875,0],[159.607421875,183.39324951171875,0],[159.607421875,185.75653076171875,0],[158.728515625,187.90496826171875,0],[156.970703125,189.62371826171875,0],[152.048828125,193.49090576171875,0],[147.302734375,196.28387451171875,0],[143.083984375,198.21746826171875,0],[138.25,199.93621826171875,0],[134.119140625,200.79559326171875,0],[131.306640625,201.65496826171875,0],[126.208984375,203.37371826171875,1],[130.33984375,115.71745300292969,0],[132.09765625,118.51042175292969,0],[134.119140625,121.51823425292969,0],[135.61328125,123.45182800292969,0],[136.580078125,124.52604675292969,0],[138.42578125,126.02995300292969,0],[140.447265625,127.10417175292969,0],[142.205078125,127.74870300292969,0],[143.259765625,127.53385925292969,0],[144.314453125,127.10417175292969,0],[146.16015625,126.45964050292969,1]],"info":{"wordIdx":397,"sampleIdx":0}}