{"word":"D","data":[[118.38671875,146.01043701171875,0],[119.265625,153.74481201171875,0],[119.705078125,161.90887451171875,0],[119.6171875,170.50262451171875,0],[119.353515625,178.66668701171875,0],[118.9140625,186.18621826171875,0],[118.650390625,193.49090576171875,0],[118.2109375,200.58074951171875,0],[117.771484375,206.38153076171875,0],[117.068359375,213.04168701171875,0],[115.75,225.07293701171875,1],[124.890625,144.50653076171875,0],[129.63671875,147.29949951171875,0],[133.85546875,151.16668701171875,0],[139.568359375,158.25653076171875,0],[144.05078125,165.34637451171875,0],[148.09375,173.08074951171875,0],[150.90625,181.02996826171875,0],[152.6640625,188.33465576171875,0],[153.455078125,194.99481201171875,0],[153.279296875,201.01043701171875,0],[152.400390625,204.66278076171875,0],[150.90625,207.45574951171875,0],[149.763671875,208.74481201171875,0],[145.45703125,211.32293701171875,0],[139.744140625,213.25653076171875,0],[129.4609375,216.90887451171875,1],[128.142578125,218.84246826171875,0],[125.76953125,219.27215576171875,0],[122.869140625,219.91668701171875,0],[117.595703125,221.20574951171875,1]],"info":{"wordIdx":396,"sampleIdx":1}}