{"word":"Ď","data":[[126.912109375,162.55340576171875,0],[128.0546875,169.42840576171875,0],[129.021484375,175.87371826171875,0],[129.8125,182.74871826171875,0],[130.076171875,188.54949951171875,0],[130.1640625,194.35028076171875,0],[130.33984375,199.50653076171875,0],[130.33984375,202.72918701171875,0],[130.076171875,205.52215576171875,0],[129.8125,207.67059326171875,0],[129.4609375,208.74481201171875,0],[129.021484375,209.60418701171875,0],[128.845703125,209.81903076171875,1],[129.373046875,152.02606201171875,0],[132.712890625,153.74481201171875,0],[135.4375,155.89324951171875,0],[137.810546875,158.04168701171875,0],[141.23828125,162.33856201171875,0],[143.787109375,165.99090576171875,0],[145.544921875,169.42840576171875,0],[146.775390625,172.43621826171875,0],[147.56640625,174.79949951171875,0],[147.91796875,177.59246826171875,0],[147.91796875,180.38543701171875,0],[147.302734375,183.60809326171875,0],[146.6875,186.18621826171875,0],[145.544921875,189.19403076171875,0],[144.2265625,192.41668701171875,0],[142.99609375,194.99481201171875,0],[141.94140625,196.92840576171875,0],[140.88671875,198.43231201171875,0],[140.0078125,199.29168701171875,0],[138.25,199.93621826171875,0],[135.7890625,199.72137451171875,0],[131.306640625,199.50653076171875,1],[122.078125,116.14714050292969,0],[124.1875,119.58464050292969,0],[126.208984375,122.59245300292969,0],[128.142578125,124.74089050292969,0],[129.724609375,126.45964050292969,0],[132.625,128.8229217529297,0],[134.55859375,129.8971405029297,0],[136.66796875,130.5416717529297,0],[138.07421875,130.5416717529297,0],[139.216796875,130.1119842529297,0],[140.095703125,129.4674530029297,0],[142.380859375,126.24479675292969,0],[144.578125,121.94792175292969,0],[148.533203125,114.21354675292969,1]],"info":{"wordIdx":397,"sampleIdx":2}}