{"word":"F","data":[[103.181640625,146.44012451171875,0],[104.412109375,155.46356201171875,0],[106.2578125,167.06512451171875,0],[108.015625,177.59246826171875,0],[109.94921875,187.47528076171875,0],[112.234375,197.78778076171875,0],[113.552734375,206.16668701171875,0],[114.783203125,214.33074951171875,0],[115.837890625,222.70965576171875,0],[116.365234375,230.65887451171875,0],[116.716796875,237.53387451171875,0],[116.892578125,243.76434326171875,0],[116.98046875,248.06121826171875,0],[116.98046875,250.85418701171875,0],[116.892578125,252.57293701171875,0],[116.892578125,253.86199951171875,0],[116.8046875,254.72137451171875,0],[116.8046875,254.93621826171875,1],[106.9609375,133.7643280029297,0],[112.5859375,131.8307342529297,0],[119.001953125,129.8971405029297,0],[125.857421875,127.96354675292969,0],[132.9765625,126.24479675292969,0],[138.689453125,124.74089050292969,0],[145.017578125,123.66667175292969,0],[150.291015625,122.80729675292969,0],[154.94921875,122.16276550292969,0],[158.81640625,121.51823425292969,0],[161.013671875,121.30339050292969,0],[162.5078125,121.30339050292969,0],[163.650390625,121.08854675292969,0],[164.6171875,120.87370300292969,0],[164.96875,120.87370300292969,0],[164.96875,120.87370300292969,0],[164.96875,120.87370300292969,0],[164.96875,120.87370300292969,0],[164.96875,120.87370300292969,1],[120.408203125,176.94793701171875,0],[123.30859375,176.30340576171875,0],[125.681640625,175.87371826171875,0],[128.318359375,175.44403076171875,0],[130.33984375,175.44403076171875,0],[132.361328125,175.44403076171875,0],[133.591796875,175.44403076171875,0],[134.294921875,175.44403076171875,0],[134.470703125,175.44403076171875,0],[134.470703125,175.44403076171875,1]],"info":{"wordIdx":399,"sampleIdx":1}}