{"word":"D","data":[[140.623046875,150.73699951171875,0],[141.501953125,157.18231201171875,0],[142.46875,164.91668701171875,0],[143.259765625,173.29559326171875,0],[143.875,181.02996826171875,0],[144.578125,188.97918701171875,0],[145.017578125,197.35809326171875,0],[145.28125,204.44793701171875,0],[145.193359375,211.10809326171875,0],[144.75390625,218.41278076171875,0],[144.578125,223.99871826171875,0],[144.2265625,234.09637451171875,1],[143.259765625,147.72918701171875,0],[145.984375,147.51434326171875,0],[149.060546875,147.94403076171875,0],[152.576171875,149.44793701171875,0],[155.740234375,151.81121826171875,0],[160.486328125,158.04168701171875,0],[164.96875,165.77606201171875,0],[168.923828125,173.94012451171875,0],[171.82421875,181.67449951171875,0],[174.021484375,188.54949951171875,0],[175.515625,194.99481201171875,0],[176.21875,200.58074951171875,0],[176.04296875,205.30731201171875,0],[175.1640625,208.95965576171875,0],[173.494140625,211.96746826171875,0],[170.857421875,214.97528076171875,0],[167.341796875,218.41278076171875,0],[162.15625,221.85028076171875,0],[157.849609375,223.78387451171875,0],[154.0703125,224.85809326171875,0],[150.73046875,225.50262451171875,0],[148.4453125,225.93231201171875,0],[146.248046875,225.93231201171875,0],[145.369140625,225.93231201171875,0],[143.787109375,225.93231201171875,1]],"info":{"wordIdx":396,"sampleIdx":0}}