{"word":"Č","data":[[165.14453125,139.35028076171875,0],[162.244140625,141.71356201171875,0],[158.904296875,144.93621826171875,0],[155.30078125,149.01824951171875,0],[152.224609375,152.88543701171875,0],[149.236328125,157.18231201171875,0],[146.775390625,161.26434326171875,0],[144.9296875,165.99090576171875,0],[143.787109375,170.07293701171875,0],[143.171875,174.79949951171875,0],[143.083984375,179.95574951171875,0],[143.611328125,185.32684326171875,0],[144.314453125,190.26824951171875,0],[145.28125,194.99481201171875,0],[146.775390625,200.58074951171875,0],[148.09375,205.52215576171875,0],[149.5,210.89324951171875,0],[151.08203125,215.83465576171875,0],[152.83984375,220.99090576171875,0],[154.59765625,224.85809326171875,0],[156.1796875,228.08074951171875,0],[157.76171875,230.44403076171875,0],[159.16796875,232.16278076171875,0],[160.486328125,233.66668701171875,0],[162.595703125,235.17059326171875,0],[165.671875,236.67449951171875,0],[169.01171875,237.31903076171875,0],[172.791015625,237.74871826171875,0],[176.39453125,238.17840576171875,0],[179.470703125,238.17840576171875,0],[182.1953125,237.96356201171875,0],[184.83203125,237.53387451171875,0],[187.29296875,236.88934326171875,0],[189.314453125,236.24481201171875,0],[191.248046875,235.17059326171875,0],[192.654296875,233.23699951171875,0],[195.115234375,229.79949951171875,1],[142.732421875,98.95964050292969,0],[148.181640625,101.96745300292969,0],[153.279296875,104.54557800292969,0],[157.76171875,106.47917175292969,0],[162.33203125,107.76823425292969,0],[166.287109375,108.41276550292969,0],[169.36328125,108.62760925292969,0],[171.736328125,108.19792175292969,0],[173.494140625,106.90885925292969,0],[176.39453125,102.18229675292969,0],[181.580078125,93.80339050292969,1]],"info":{"wordIdx":395,"sampleIdx":1}}