{"word":"B","data":[[124.71484375,138.49090576171875,0],[125.06640625,147.72918701171875,0],[125.681640625,158.04168701171875,0],[126.208984375,169.64324951171875,0],[126.82421875,180.38543701171875,0],[127.615234375,192.41668701171875,0],[128.23046875,201.65496826171875,0],[128.93359375,211.32293701171875,0],[129.900390625,219.70184326171875,0],[130.955078125,226.36199951171875,0],[131.921875,232.80731201171875,0],[132.9765625,241.18621826171875,0],[133.50390625,242.90496826171875,0],[134.3828125,246.12762451171875,1],[127.791015625,130.5416717529297,0],[132.009765625,131.8307342529297,0],[135.525390625,133.3346405029297,0],[138.689453125,135.2682342529297,0],[142.556640625,138.49090576171875,0],[145.544921875,141.28387451171875,0],[148.796875,144.93621826171875,0],[151.873046875,149.66278076171875,0],[153.89453125,154.38934326171875,0],[155.037109375,159.11590576171875,0],[155.037109375,163.62762451171875,0],[154.421875,167.27996826171875,0],[152.927734375,171.57684326171875,0],[150.994140625,175.22918701171875,0],[148.708984375,178.66668701171875,0],[146.51171875,181.45965576171875,0],[144.666015625,183.60809326171875,0],[142.8203125,185.54168701171875,0],[141.0625,187.26043701171875,0],[139.216796875,188.76434326171875,0],[137.458984375,189.83856201171875,0],[136.052734375,190.69793701171875,0],[135.26171875,190.91278076171875,0],[135.173828125,190.91278076171875,0],[135.173828125,190.91278076171875,0],[135.173828125,190.91278076171875,0],[135.876953125,189.62371826171875,0],[137.72265625,187.47528076171875,0],[142.29296875,185.11199951171875,0],[148.26953125,184.25262451171875,0],[154.24609375,185.54168701171875,0],[159.783203125,187.90496826171875,0],[164.79296875,190.91278076171875,0],[168.220703125,194.13543701171875,0],[171.296875,197.57293701171875,0],[173.318359375,201.22528076171875,0],[174.109375,204.44793701171875,0],[173.845703125,207.24090576171875,0],[172.87890625,209.38934326171875,0],[171.47265625,211.10809326171875,0],[168.66015625,213.68621826171875,0],[165.14453125,216.47918701171875,0],[161.541015625,219.05731201171875,0],[158.025390625,221.63543701171875,0],[154.94921875,224.21356201171875,0],[151.43359375,227.43621826171875,0],[148.796875,229.79949951171875,0],[146.423828125,232.16278076171875,0],[143.875,235.17059326171875,0],[142.29296875,236.88934326171875,0],[139.392578125,240.11199951171875,1]],"info":{"wordIdx":393,"sampleIdx":2}}