{"word":"C","data":[[172.439453125,146.22528076171875,0],[168.66015625,148.15887451171875,0],[165.056640625,150.52215576171875,0],[161.013671875,153.31512451171875,0],[157.41015625,156.10809326171875,0],[153.455078125,159.76043701171875,0],[150.02734375,162.98309326171875,0],[147.0390625,165.99090576171875,0],[143.875,170.07293701171875,0],[141.501953125,173.72528076171875,0],[139.83203125,177.59246826171875,0],[138.689453125,182.31903076171875,0],[138.25,187.69012451171875,0],[138.42578125,194.99481201171875,0],[139.392578125,202.08465576171875,0],[141.0625,209.60418701171875,0],[143.171875,216.90887451171875,0],[146.072265625,224.64324951171875,0],[149.236328125,231.08856201171875,0],[152.83984375,237.31903076171875,0],[156.091796875,242.04559326171875,0],[158.81640625,245.69793701171875,0],[160.92578125,248.06121826171875,0],[163.650390625,250.42449951171875,0],[166.287109375,252.14324951171875,0],[171.033203125,255.36590576171875,1]],"info":{"wordIdx":394,"sampleIdx":0}}