{"word":"cíl","data":[[106.2578125,168.35418701171875,0],[104.412109375,169.21356201171875,0],[103.005859375,169.85809326171875,0],[101.248046875,170.93231201171875,0],[100.45703125,171.57684326171875,0],[98.69921875,173.51043701171875,0],[96.94140625,175.65887451171875,0],[95.798828125,177.59246826171875,0],[94.744140625,179.74090576171875,0],[93.865234375,182.31903076171875,0],[93.42578125,184.68231201171875,0],[93.162109375,187.90496826171875,0],[93.42578125,190.91278076171875,0],[94.12890625,193.92059326171875,0],[95.18359375,196.28387451171875,0],[96.326171875,198.00262451171875,0],[98.69921875,199.93621826171875,0],[102.21484375,201.44012451171875,0],[105.5546875,202.08465576171875,0],[107.48828125,201.86981201171875,0],[110.916015625,201.65496826171875,1],[132.09765625,178.45184326171875,0],[132.2734375,182.53387451171875,0],[132.2734375,186.61590576171875,0],[132.009765625,190.26824951171875,0],[131.658203125,194.13543701171875,0],[131.482421875,197.57293701171875,0],[131.21875,199.29168701171875,0],[131.04296875,200.15106201171875,0],[130.69140625,201.86981201171875,1],[138.865234375,126.02995300292969,0],[142.205078125,122.16276550292969,0],[145.80859375,117.86589050292969,0],[148.4453125,114.64323425292969,0],[150.466796875,112.06510925292969,0],[151.873046875,110.34635925292969,0],[152.6640625,109.05729675292969,0],[153.630859375,107.76823425292969,0],[154.158203125,106.90885925292969,0],[155.037109375,105.40495300292969,1],[174.900390625,135.0533905029297,0],[173.7578125,142.14324951171875,0],[172.791015625,151.16668701171875,0],[172.087890625,159.76043701171875,0],[171.47265625,166.85028076171875,0],[170.76953125,173.94012451171875,0],[170.505859375,180.38543701171875,0],[170.2421875,185.75653076171875,0],[169.978515625,189.62371826171875,0],[169.802734375,192.84637451171875,0],[169.802734375,194.99481201171875,0],[169.802734375,196.92840576171875,0],[169.802734375,198.86199951171875,0],[169.802734375,200.36590576171875,0],[169.802734375,201.86981201171875,0],[169.802734375,203.37371826171875,0],[169.802734375,204.44793701171875,0],[169.802734375,205.52215576171875,0],[169.802734375,206.38153076171875,0],[169.802734375,206.81121826171875,0],[169.802734375,207.02606201171875,1]],"info":{"wordIdx":390,"sampleIdx":2}}