{"word":"H","data":[[114.34375,144.29168701171875,0],[114.080078125,151.16668701171875,0],[113.728515625,158.68621826171875,0],[113.46484375,167.27996826171875,0],[113.376953125,176.51824951171875,0],[113.46484375,185.97137451171875,0],[113.81640625,195.63934326171875,0],[114.080078125,204.66278076171875,0],[114.431640625,213.25653076171875,0],[115.046875,221.63543701171875,0],[115.57421875,227.65106201171875,0],[116.013671875,232.16278076171875,0],[116.365234375,234.95574951171875,0],[116.541015625,236.24481201171875,0],[116.62890625,237.31903076171875,0],[116.62890625,237.53387451171875,0],[116.62890625,237.53387451171875,1],[120.3203125,186.83074951171875,0],[125.2421875,188.11981201171875,0],[130.779296875,188.54949951171875,0],[135.349609375,188.54949951171875,0],[140.0078125,188.54949951171875,0],[144.40234375,188.76434326171875,0],[147.91796875,188.97918701171875,0],[150.818359375,189.19403076171875,0],[152.927734375,189.19403076171875,0],[154.158203125,189.40887451171875,0],[155.212890625,189.62371826171875,0],[156.00390625,189.62371826171875,0],[156.1796875,189.40887451171875,1],[154.24609375,138.49090576171875,0],[156.70703125,147.72918701171875,0],[158.81640625,157.82684326171875,0],[160.3984375,168.99871826171875,0],[161.365234375,179.52606201171875,0],[161.716796875,189.19403076171875,0],[161.8046875,199.93621826171875,0],[161.365234375,209.38934326171875,0],[160.75,218.84246826171875,0],[160.046875,226.36199951171875,0],[158.904296875,232.59246826171875,0],[156.970703125,237.31903076171875,0],[153.455078125,245.91278076171875,1]],"info":{"wordIdx":401,"sampleIdx":0}}