{"word":"H","data":[[116.62890625,146.22528076171875,0],[118.474609375,153.74481201171875,0],[119.79296875,161.47918701171875,0],[120.84765625,168.99871826171875,0],[121.7265625,176.51824951171875,0],[122.517578125,182.74871826171875,0],[123.1328125,188.33465576171875,0],[123.748046875,193.27606201171875,0],[124.099609375,196.92840576171875,0],[124.275390625,200.36590576171875,0],[124.275390625,203.37371826171875,0],[124.275390625,205.73699951171875,0],[124.275390625,207.45574951171875,0],[124.275390625,210.67840576171875,1],[120.935546875,175.01434326171875,0],[124.5390625,173.72528076171875,0],[128.669921875,172.43621826171875,0],[132.80078125,171.14715576171875,0],[135.876953125,170.28778076171875,0],[138.42578125,169.42840576171875,0],[141.501953125,168.56903076171875,0],[143.5234375,167.92449951171875,0],[144.9296875,167.49481201171875,0],[145.896484375,166.85028076171875,0],[146.6875,166.20574951171875,0],[148.09375,165.13153076171875,1],[150.90625,131.1862030029297,0],[154.24609375,140.20965576171875,0],[157.234375,151.16668701171875,0],[159.51953125,161.04949951171875,0],[161.1015625,170.71746826171875,0],[162.244140625,179.31121826171875,0],[163.03515625,186.40106201171875,0],[163.38671875,191.77215576171875,0],[163.474609375,197.14324951171875,0],[163.474609375,201.44012451171875,0],[163.298828125,204.66278076171875,0],[162.68359375,207.24090576171875,0],[161.541015625,211.96746826171875,1]],"info":{"wordIdx":401,"sampleIdx":2}}