{"word":"I","data":[[181.755859375,101.32292175292969,0],[182.01953125,105.40495300292969,0],[182.283203125,109.48698425292969,0],[182.546875,113.56901550292969,0],[182.810546875,118.08073425292969,0],[183.07421875,123.02214050292969,0],[183.25,127.96354675292969,0],[183.25,134.1940155029297,0],[183.25,141.28387451171875,0],[183.07421875,148.80340576171875,0],[182.986328125,156.96746826171875,0],[182.634765625,165.56121826171875,0],[182.283203125,174.15496826171875,0],[182.107421875,182.31903076171875,0],[182.1953125,189.19403076171875,0],[182.283203125,195.20965576171875,0],[182.546875,199.72137451171875,0],[182.8984375,202.94403076171875,0],[183.337890625,204.87762451171875,0],[183.953125,206.38153076171875,0],[184.392578125,207.02606201171875,0],[184.392578125,207.02606201171875,0],[184.392578125,207.02606201171875,0],[184.392578125,207.02606201171875,0],[184.392578125,207.02606201171875,0],[184.392578125,207.02606201171875,0],[184.48046875,206.81121826171875,0],[184.12890625,204.66278076171875,0],[183.07421875,201.01043701171875,0],[181.140625,194.56512451171875,1]],"info":{"wordIdx":403,"sampleIdx":1}}