{"word":"K","data":[[132.44921875,123.02214050292969,0],[133.416015625,131.6158905029297,0],[134.20703125,141.49871826171875,0],[134.91015625,152.24090576171875,0],[135.525390625,162.55340576171875,0],[135.701171875,171.57684326171875,0],[135.61328125,179.31121826171875,0],[135.61328125,185.11199951171875,0],[135.4375,190.48309326171875,0],[135.0859375,194.77996826171875,0],[134.55859375,199.29168701171875,0],[134.119140625,204.01824951171875,0],[133.6796875,208.74481201171875,0],[133.064453125,213.47137451171875,0],[132.712890625,218.19793701171875,0],[132.712890625,222.92449951171875,0],[132.80078125,226.57684326171875,0],[133.064453125,229.58465576171875,0],[133.50390625,231.30340576171875,0],[134.119140625,232.59246826171875,0],[135.173828125,234.95574951171875,1],[145.720703125,182.96356201171875,0],[149.412109375,178.88153076171875,0],[153.103515625,175.01434326171875,0],[157.673828125,169.64324951171875,0],[161.013671875,165.34637451171875,0],[164.6171875,161.04949951171875,0],[167.869140625,156.96746826171875,0],[170.59375,153.74481201171875,0],[173.0546875,151.16668701171875,0],[175.69140625,148.58856201171875,0],[178.591796875,145.36590576171875,0],[180.96484375,142.35809326171875,0],[182.72265625,139.35028076171875,0],[184.041015625,136.5572967529297,0],[184.744140625,134.6237030029297,0],[185.271484375,133.1197967529297,0],[185.53515625,132.2604217529297,0],[185.53515625,132.2604217529297,0],[185.53515625,132.2604217529297,1],[149.412109375,201.44012451171875,0],[153.3671875,204.87762451171875,0],[157.76171875,208.52996826171875,0],[162.947265625,212.82684326171875,0],[168.572265625,217.12371826171875,0],[173.93359375,220.77606201171875,0],[178.591796875,224.21356201171875,0],[182.283203125,227.43621826171875,0],[186.150390625,231.30340576171875,0],[190.80859375,237.10418701171875,0],[194.5,243.54949951171875,0],[197.224609375,250.85418701171875,0],[202.05859375,264.17449951171875,1]],"info":{"wordIdx":405,"sampleIdx":2}}