{"word":"I","data":[[165.49609375,107.98307800292969,0],[166.111328125,111.63542175292969,0],[166.55078125,116.36198425292969,0],[166.7265625,121.73307800292969,0],[166.638671875,127.74870300292969,0],[166.287109375,133.9791717529297,0],[165.84765625,140.42449951171875,0],[165.3203125,147.08465576171875,0],[164.705078125,154.17449951171875,0],[164.177734375,161.04949951171875,0],[163.73828125,167.92449951171875,0],[163.826171875,175.44403076171875,0],[163.9140625,181.88934326171875,0],[164.265625,188.54949951171875,0],[165.056640625,195.42449951171875,0],[166.0234375,201.44012451171875,0],[167.25390625,207.88543701171875,0],[168.396484375,214.33074951171875,0],[169.451171875,220.13153076171875,0],[170.330078125,225.50262451171875,0],[171.033203125,230.22918701171875,0],[171.560546875,234.74090576171875,0],[171.82421875,238.39324951171875,0],[172,240.97137451171875,0],[172.087890625,243.11981201171875,0],[172,244.62371826171875,0],[171.912109375,245.48309326171875,0],[171.82421875,245.91278076171875,0],[171.82421875,245.91278076171875,0],[171.82421875,245.91278076171875,0],[171.82421875,245.91278076171875,0],[171.82421875,245.91278076171875,0],[171.82421875,245.91278076171875,0],[171.82421875,245.91278076171875,0],[171.82421875,245.91278076171875,0],[171.82421875,245.91278076171875,0],[171.82421875,245.91278076171875,0],[171.82421875,245.91278076171875,0],[171.82421875,245.91278076171875,0],[171.82421875,245.91278076171875,0],[171.82421875,245.91278076171875,0],[171.82421875,245.91278076171875,0],[171.82421875,245.91278076171875,0],[171.82421875,245.91278076171875,0],[171.82421875,245.91278076171875,0],[171.82421875,245.91278076171875,1]],"info":{"wordIdx":403,"sampleIdx":2}}