{"word":"K","data":[[147.830078125,145.15106201171875,0],[147.478515625,150.09246826171875,0],[147.654296875,156.75262451171875,0],[148.005859375,162.98309326171875,0],[148.26953125,169.21356201171875,0],[148.796875,175.44403076171875,0],[149.412109375,181.88934326171875,0],[149.8515625,187.04559326171875,0],[150.291015625,192.41668701171875,0],[150.73046875,197.57293701171875,0],[151.345703125,202.72918701171875,0],[151.873046875,207.45574951171875,0],[152.224609375,212.18231201171875,0],[152.751953125,216.69403076171875,0],[153.19140625,220.13153076171875,0],[153.630859375,223.13934326171875,0],[153.806640625,225.50262451171875,0],[154.0703125,227.43621826171875,0],[154.333984375,229.36981201171875,0],[154.421875,230.87371826171875,0],[154.421875,232.80731201171875,0],[154.0703125,235.81512451171875,0],[153.3671875,241.40106201171875,1],[153.982421875,191.98699951171875,0],[156.794921875,189.40887451171875,0],[160.134765625,186.18621826171875,0],[163.298828125,183.17840576171875,0],[166.19921875,180.38543701171875,0],[168.66015625,178.02215576171875,0],[170.505859375,176.08856201171875,0],[172.52734375,174.15496826171875,0],[174.4609375,172.00653076171875,0],[176.04296875,170.07293701171875,0],[177.185546875,168.13934326171875,0],[177.9765625,166.63543701171875,0],[178.50390625,165.13153076171875,0],[178.767578125,163.84246826171875,0],[178.85546875,163.19793701171875,0],[178.85546875,163.19793701171875,0],[178.85546875,163.19793701171875,0],[178.85546875,163.19793701171875,1],[156.443359375,195.20965576171875,0],[159.255859375,198.86199951171875,0],[162.5078125,203.15887451171875,0],[165.583984375,207.45574951171875,0],[168.484375,211.53778076171875,0],[171.384765625,215.83465576171875,0],[174.109375,219.70184326171875,0],[176.921875,223.56903076171875,0],[179.20703125,226.57684326171875,0],[180.96484375,228.94012451171875,0],[182.634765625,231.08856201171875,0],[183.689453125,232.59246826171875,0],[184.48046875,233.45184326171875,0],[185.18359375,234.09637451171875,0],[186.4140625,235.38543701171875,1]],"info":{"wordIdx":405,"sampleIdx":1}}