{"word":"J","data":[[186.0625,92.08464050292969,0],[186.4140625,96.16667175292969,0],[186.677734375,100.67839050292969,0],[186.94140625,105.61979675292969,0],[187.380859375,110.77604675292969,0],[188.083984375,116.57682800292969,0],[188.69921875,122.16276550292969,0],[189.490234375,127.74870300292969,0],[190.369140625,133.3346405029297,0],[191.248046875,139.13543701171875,0],[191.951171875,144.93621826171875,0],[192.654296875,152.02606201171875,0],[193.09375,158.68621826171875,0],[193.26953125,166.85028076171875,0],[193.181640625,176.73309326171875,0],[192.56640625,186.83074951171875,0],[191.6875,197.57293701171875,0],[190.45703125,207.45574951171875,0],[189.05078125,216.69403076171875,0],[187.64453125,224.21356201171875,0],[186.501953125,230.65887451171875,0],[185.7109375,236.02996826171875,0],[184.919921875,240.54168701171875,0],[184.12890625,244.62371826171875,0],[183.513671875,247.63153076171875,0],[182.986328125,250.63934326171875,0],[182.37109375,254.07684326171875,0],[181.66796875,256.65496826171875,0],[180.4375,259.66278076171875,0],[179.20703125,262.24090576171875,0],[177.888671875,264.38934326171875,0],[176.5703125,266.75262451171875,0],[174.98828125,269.11590576171875,0],[173.494140625,271.04949951171875,0],[171.912109375,272.98309326171875,0],[170.681640625,274.70184326171875,0],[169.36328125,275.99090576171875,0],[167.869140625,277.27996826171875,0],[165.935546875,278.56903076171875,0],[164.265625,279.64324951171875,0],[162.68359375,280.28778076171875,0],[160.310546875,281.14715576171875,0],[157.9375,281.36199951171875,0],[155.65234375,281.36199951171875,0],[153.54296875,280.93231201171875,0],[151.609375,280.50262451171875,0],[150.291015625,279.85809326171875,0],[149.32421875,279.42840576171875,0],[148.533203125,278.99871826171875,0],[148.005859375,278.56903076171875,0],[147.7421875,278.35418701171875,0],[147.478515625,278.13934326171875,0],[146.775390625,277.27996826171875,0],[146.072265625,276.42059326171875,0],[145.45703125,275.56121826171875,0],[144.9296875,274.70184326171875,0],[144.40234375,274.05731201171875,0],[143.875,273.41278076171875,0],[143.259765625,272.76824951171875,0],[142.732421875,271.90887451171875,0],[142.1171875,270.83465576171875,0],[141.677734375,269.76043701171875,0],[140.88671875,267.82684326171875,1]],"info":{"wordIdx":404,"sampleIdx":0}}