{"word":"J","data":[[183.07421875,114.64323425292969,0],[184.041015625,120.22917175292969,0],[184.919921875,126.02995300292969,0],[185.798828125,131.4010467529297,0],[186.4140625,137.20184326171875,0],[187.029296875,143.43231201171875,0],[187.380859375,149.44793701171875,0],[187.556640625,155.46356201171875,0],[187.732421875,161.26434326171875,0],[188.083984375,167.70965576171875,0],[188.34765625,172.86590576171875,0],[188.69921875,177.59246826171875,0],[189.138671875,181.67449951171875,0],[189.578125,185.11199951171875,0],[190.017578125,188.33465576171875,0],[190.193359375,191.55731201171875,0],[190.28125,194.77996826171875,0],[190.193359375,198.21746826171875,0],[189.75390625,202.29949951171875,0],[188.875,206.81121826171875,0],[187.556640625,211.10809326171875,0],[185.88671875,216.26434326171875,0],[184.48046875,220.56121826171875,0],[182.986328125,224.21356201171875,0],[181.31640625,227.65106201171875,0],[179.470703125,230.65887451171875,0],[177.44921875,233.88153076171875,0],[175.69140625,236.24481201171875,0],[173.669921875,238.60809326171875,0],[171.82421875,240.54168701171875,0],[169.626953125,242.47528076171875,0],[167.517578125,244.19403076171875,0],[165.3203125,245.69793701171875,0],[163.826171875,246.77215576171875,0],[162.244140625,247.63153076171875,0],[160.75,248.27606201171875,0],[159.255859375,248.70574951171875,0],[157.673828125,249.13543701171875,0],[155.65234375,249.35028076171875,0],[153.71875,249.35028076171875,0],[152.048828125,249.13543701171875,0],[150.02734375,248.70574951171875,0],[148.26953125,248.49090576171875,0],[145.984375,247.84637451171875,0],[144.2265625,247.20184326171875,0],[142.64453125,246.55731201171875,0],[141.23828125,245.69793701171875,0],[139.744140625,244.83856201171875,0],[138.25,243.54949951171875,0],[136.755859375,242.47528076171875,0],[135.349609375,241.40106201171875,0],[133.943359375,240.11199951171875,0],[132.625,238.82293701171875,0],[130.8671875,236.67449951171875,0],[129.548828125,234.95574951171875,0],[127.966796875,232.80731201171875,0],[126.736328125,230.44403076171875,0],[125.681640625,228.29559326171875,0],[124.626953125,225.93231201171875,0],[123.923828125,223.56903076171875,0],[123.572265625,221.63543701171875,0],[123.396484375,219.70184326171875,0],[123.30859375,217.76824951171875,0],[123.30859375,215.61981201171875,0],[123.396484375,214.33074951171875,0],[123.484375,212.18231201171875,1]],"info":{"wordIdx":404,"sampleIdx":2}}