{"word":"K","data":[[141.23828125,135.6979217529297,0],[140.623046875,141.71356201171875,0],[139.568359375,149.87762451171875,0],[138.689453125,157.39715576171875,0],[137.634765625,165.99090576171875,0],[136.580078125,175.22918701171875,0],[135.701171875,184.46746826171875,0],[135.173828125,193.06121826171875,0],[134.822265625,201.01043701171875,0],[134.822265625,209.17449951171875,0],[135.0859375,218.19793701171875,0],[135.7890625,226.36199951171875,0],[136.580078125,235.17059326171875,0],[137.283203125,242.69012451171875,0],[138.162109375,249.56512451171875,0],[138.865234375,254.50653076171875,0],[139.65625,258.58856201171875,0],[140.0078125,261.38153076171875,0],[140.359375,263.10028076171875,0],[140.53515625,264.17449951171875,0],[140.623046875,264.38934326171875,0],[140.623046875,264.38934326171875,0],[140.623046875,264.38934326171875,0],[140.623046875,264.38934326171875,0],[140.623046875,264.38934326171875,1],[137.458984375,201.65496826171875,0],[139.48046875,197.78778076171875,0],[141.94140625,193.27606201171875,0],[144.666015625,189.40887451171875,0],[148.005859375,185.11199951171875,0],[152.13671875,180.81512451171875,0],[156.35546875,176.30340576171875,0],[160.92578125,172.00653076171875,0],[166.462890625,167.70965576171875,0],[170.9453125,164.27215576171875,0],[174.900390625,161.04949951171875,0],[178.240234375,158.04168701171875,0],[180.96484375,155.03387451171875,0],[183.337890625,151.81121826171875,0],[184.919921875,148.80340576171875,0],[185.53515625,147.08465576171875,0],[185.7109375,145.79559326171875,0],[185.623046875,145.15106201171875,0],[185.623046875,145.15106201171875,0],[185.271484375,144.93621826171875,0],[183.6015625,144.93621826171875,0],[180.525390625,146.01043701171875,0],[174.98828125,147.94403076171875,1],[144.314453125,207.88543701171875,0],[149.060546875,210.67840576171875,0],[153.54296875,213.68621826171875,0],[158.11328125,216.90887451171875,0],[163.123046875,220.34637451171875,0],[168.220703125,223.78387451171875,0],[173.58203125,227.43621826171875,0],[177.44921875,230.22918701171875,0],[180.96484375,233.02215576171875,0],[184.216796875,235.81512451171875,0],[187.205078125,238.60809326171875,0],[189.75390625,240.97137451171875,0],[191.775390625,243.11981201171875,0],[193.09375,244.83856201171875,0],[195.466796875,248.06121826171875,1]],"info":{"wordIdx":405,"sampleIdx":0}}