{"word":"I","data":[[146.248046875,103.68620300292969,0],[146.072265625,106.90885925292969,0],[146.072265625,111.20573425292969,0],[146.248046875,115.71745300292969,0],[146.6875,120.87370300292969,0],[147.126953125,126.02995300292969,0],[147.7421875,131.1862030029297,0],[148.26953125,136.5572967529297,0],[148.884765625,141.92840576171875,0],[149.5,148.58856201171875,0],[150.02734375,154.60418701171875,0],[150.5546875,161.47918701171875,0],[150.90625,167.92449951171875,0],[151.169921875,173.72528076171875,0],[151.345703125,179.09637451171875,0],[151.521484375,184.46746826171875,0],[151.609375,189.19403076171875,0],[151.697265625,194.13543701171875,0],[151.521484375,198.64715576171875,0],[151.609375,203.15887451171875,0],[151.521484375,207.67059326171875,0],[151.521484375,212.82684326171875,0],[151.697265625,216.47918701171875,0],[151.78515625,219.91668701171875,0],[151.9609375,222.27996826171875,0],[152.13671875,224.42840576171875,0],[152.224609375,226.36199951171875,0],[152.3125,227.65106201171875,0],[152.3125,228.08074951171875,0],[152.3125,228.08074951171875,1]],"info":{"wordIdx":403,"sampleIdx":0}}