{"word":"H","data":[[122.341796875,135.9127655029297,0],[122.078125,143.64715576171875,0],[121.814453125,152.24090576171875,0],[121.814453125,161.04949951171875,0],[121.55078125,171.36199951171875,0],[121.462890625,180.60028076171875,0],[121.375,188.97918701171875,0],[121.19921875,197.35809326171875,0],[121.111328125,203.80340576171875,0],[121.287109375,210.03387451171875,0],[121.638671875,215.83465576171875,0],[122.341796875,221.85028076171875,0],[122.869140625,228.29559326171875,0],[123.923828125,235.17059326171875,0],[125.76953125,239.89715576171875,0],[129.021484375,248.49090576171875,1],[121.375,191.34246826171875,0],[125.330078125,192.41668701171875,0],[130.251953125,193.06121826171875,0],[134.646484375,193.27606201171875,0],[140.447265625,193.06121826171875,0],[146.3359375,193.06121826171875,0],[152.751953125,192.84637451171875,0],[157.673828125,192.63153076171875,0],[163.474609375,192.41668701171875,0],[168.396484375,192.41668701171875,0],[172.791015625,192.41668701171875,0],[176.21875,192.41668701171875,0],[179.3828125,192.41668701171875,0],[181.31640625,192.63153076171875,0],[182.72265625,192.63153076171875,0],[183.6015625,192.84637451171875,0],[183.77734375,193.06121826171875,0],[183.77734375,193.06121826171875,0],[183.77734375,193.06121826171875,0],[183.77734375,193.06121826171875,1],[193.884765625,146.65496826171875,0],[194.763671875,154.17449951171875,0],[195.73046875,162.55340576171875,0],[196.9609375,173.08074951171875,0],[197.83984375,184.03778076171875,0],[198.3671875,196.06903076171875,0],[198.455078125,207.45574951171875,0],[198.3671875,218.84246826171875,0],[197.927734375,229.15496826171875,0],[197.224609375,237.74871826171875,0],[196.43359375,245.91278076171875,0],[195.642578125,251.92840576171875,0],[194.236328125,257.51434326171875,0],[193.09375,260.95184326171875,0],[190.984375,267.18231201171875,1]],"info":{"wordIdx":401,"sampleIdx":1}}