{"word":"S","data":[[192.478515625,127.74870300292969,0],[185.447265625,129.0377655029297,0],[177.80078125,129.6822967529297,0],[169.890625,130.1119842529297,0],[163.38671875,130.3268280029297,0],[156.619140625,130.7565155029297,0],[151.43359375,131.8307342529297,0],[147.654296875,133.1197967529297,0],[144.9296875,134.4088592529297,0],[143.435546875,135.6979217529297,0],[140.88671875,140.20965576171875,0],[140.271484375,146.01043701171875,0],[142.29296875,153.10028076171875,0],[146.51171875,161.69403076171875,0],[151.609375,169.85809326171875,0],[157.234375,177.59246826171875,0],[164.529296875,186.40106201171875,0],[171.6484375,193.49090576171875,0],[178.328125,200.58074951171875,0],[184.216796875,206.38153076171875,0],[189.666015625,211.75262451171875,0],[194.236328125,216.90887451171875,0],[197.6640625,220.77606201171875,0],[200.212890625,224.42840576171875,0],[201.794921875,227.86590576171875,0],[202.322265625,230.65887451171875,0],[201.794921875,233.88153076171875,0],[200.30078125,237.10418701171875,0],[197.048828125,241.18621826171875,0],[191.951171875,246.12762451171875,0],[185.447265625,251.71356201171875,0],[177.44921875,257.08465576171875,0],[169.71484375,261.59637451171875,0],[161.62890625,265.24871826171875,0],[154.0703125,267.82684326171875,0],[146.86328125,269.54559326171875,0],[141.0625,269.97528076171875,0],[136.140625,269.76043701171875,0],[131.306640625,268.47137451171875,0],[122.60546875,266.32293701171875,1]],"info":{"wordIdx":415,"sampleIdx":1}}