{"word":"T","data":[[175.251953125,156.96746826171875,0],[174.98828125,162.12371826171875,0],[174.63671875,168.13934326171875,0],[174.021484375,174.58465576171875,0],[172.87890625,181.45965576171875,0],[171.296875,187.90496826171875,0],[169.1875,194.99481201171875,0],[167.078125,201.65496826171875,0],[165.232421875,208.10028076171875,0],[163.826171875,215.19012451171875,0],[163.03515625,222.06512451171875,0],[162.68359375,228.08074951171875,0],[163.03515625,234.74090576171875,0],[163.474609375,239.46746826171875,0],[164.08984375,243.11981201171875,0],[164.705078125,245.48309326171875,0],[165.14453125,246.98699951171875,0],[165.583984375,247.84637451171875,0],[166.0234375,248.27606201171875,1],[209.79296875,149.44793701171875,0],[200.740234375,149.44793701171875,0],[192.390625,149.44793701171875,0],[183.865234375,149.23309326171875,0],[175.515625,149.23309326171875,0],[168.220703125,149.01824951171875,0],[162.771484375,149.23309326171875,0],[156.794921875,149.23309326171875,0],[151.345703125,149.44793701171875,0],[146.16015625,149.44793701171875,0],[142.1171875,149.44793701171875,0],[139.392578125,149.44793701171875,0],[135.61328125,149.44793701171875,0],[133.15234375,149.44793701171875,0],[131.306640625,149.66278076171875,0],[130.1640625,149.87762451171875,0],[128.0546875,150.30731201171875,1]],"info":{"wordIdx":417,"sampleIdx":0}}