{"word":"Š","data":[[165.056640625,118.08073425292969,0],[161.62890625,119.15495300292969,0],[158.552734375,120.65885925292969,0],[156.091796875,122.16276550292969,0],[153.982421875,124.09635925292969,0],[151.345703125,127.10417175292969,0],[148.796875,131.1862030029297,0],[147.126953125,135.2682342529297,0],[146.248046875,138.92059326171875,0],[146.072265625,142.57293701171875,0],[146.6875,146.44012451171875,0],[148.26953125,150.95184326171875,0],[151.43359375,156.53778076171875,0],[155.125,162.12371826171875,0],[159.080078125,167.92449951171875,0],[162.947265625,174.15496826171875,0],[166.287109375,180.60028076171875,0],[168.748046875,186.40106201171875,0],[170.2421875,191.34246826171875,0],[170.76953125,195.85418701171875,0],[170.505859375,200.15106201171875,0],[169.1875,204.01824951171875,0],[167.78125,207.02606201171875,0],[165.935546875,209.38934326171875,0],[162.5078125,212.18231201171875,0],[156.53125,214.97528076171875,0],[151.169921875,216.47918701171875,0],[145.896484375,216.90887451171875,0],[140.623046875,216.04949951171875,0],[131.130859375,214.54559326171875,1],[138.77734375,64.36979675292969,0],[141.501953125,71.45964050292969,0],[144.666015625,78.33464050292969,0],[148.09375,84.56510925292969,0],[151.697265625,89.72135925292969,0],[155.037109375,93.37370300292969,0],[159.080078125,96.81120300292969,0],[164.705078125,99.60417175292969,0],[171.12109375,100.67839050292969,0],[177.09765625,99.38932800292969,0],[182.810546875,96.38151550292969,0],[188.259765625,91.22526550292969,0],[193.62109375,84.56510925292969,0],[197.3125,78.97917175292969,0],[203.904296875,69.09635925292969,1]],"info":{"wordIdx":416,"sampleIdx":0}}