{"word":"U","data":[[147.21484375,126.24479675292969,0],[145.896484375,130.1119842529297,0],[144.75390625,133.9791717529297,0],[143.787109375,138.70574951171875,0],[142.99609375,144.72137451171875,0],[142.46875,151.81121826171875,0],[142.380859375,158.47137451171875,0],[142.46875,166.63543701171875,0],[142.556640625,174.58465576171875,0],[142.732421875,181.24481201171875,0],[143.259765625,187.90496826171875,0],[143.962890625,193.70574951171875,0],[144.666015625,198.43231201171875,0],[145.369140625,202.94403076171875,0],[146.3359375,206.81121826171875,0],[147.302734375,209.60418701171875,0],[148.26953125,212.39715576171875,0],[149.1484375,214.33074951171875,0],[150.115234375,216.04949951171875,0],[151.08203125,217.33856201171875,0],[152.048828125,218.41278076171875,0],[152.927734375,219.27215576171875,0],[154.333984375,220.13153076171875,0],[156.00390625,220.99090576171875,0],[157.673828125,221.63543701171875,0],[159.16796875,222.06512451171875,0],[160.837890625,222.27996826171875,0],[162.859375,222.27996826171875,0],[165.3203125,222.27996826171875,0],[168.30859375,221.63543701171875,0],[171.912109375,220.56121826171875,0],[176.306640625,218.41278076171875,0],[180.7890625,214.97528076171875,0],[186.501953125,208.74481201171875,0],[192.7421875,200.58074951171875,0],[198.3671875,191.55731201171875,0],[202.9375,181.67449951171875,0],[206.8046875,171.57684326171875,0],[209.44140625,161.47918701171875,0],[211.19921875,151.38153076171875,0],[211.814453125,141.92840576171875,0],[211.990234375,133.9791717529297,0],[211.7265625,126.88932800292969,0],[210.84765625,120.22917175292969,0],[209.6171875,114.85807800292969,0],[208.298828125,110.56120300292969,0],[206.189453125,106.47917175292969,0],[204.080078125,103.47135925292969,0],[200.212890625,98.10026550292969,1]],"info":{"wordIdx":419,"sampleIdx":2}}