{"word":"S","data":[[173.845703125,146.65496826171875,0],[169.5390625,147.94403076171875,0],[166.55078125,149.01824951171875,0],[163.73828125,150.30731201171875,0],[161.8046875,151.38153076171875,0],[160.3984375,152.67059326171875,0],[158.81640625,154.60418701171875,0],[157.322265625,157.61199951171875,0],[157.05859375,160.83465576171875,0],[157.76171875,164.48699951171875,0],[159.783203125,169.42840576171875,0],[163.03515625,174.58465576171875,0],[167.078125,181.02996826171875,0],[170.681640625,187.04559326171875,0],[173.845703125,193.06121826171875,0],[176.04296875,198.00262451171875,0],[177.185546875,201.86981201171875,0],[177.44921875,205.73699951171875,0],[177.009765625,208.31512451171875,0],[175.779296875,210.46356201171875,0],[173.93359375,212.18231201171875,0],[169.890625,214.54559326171875,0],[165.759765625,216.04949951171875,0],[160.486328125,216.69403076171875,0],[155.916015625,216.90887451171875,0],[152.13671875,216.47918701171875,0],[148.26953125,215.61981201171875,0],[141.23828125,214.11590576171875,1]],"info":{"wordIdx":415,"sampleIdx":0}}