{"word":"U","data":[[152.3125,125.60026550292969,0],[150.642578125,131.1862030029297,0],[148.181640625,137.20184326171875,0],[146.248046875,143.64715576171875,0],[144.490234375,150.52215576171875,0],[143.259765625,156.53778076171875,0],[142.46875,162.55340576171875,0],[142.46875,168.35418701171875,0],[142.732421875,173.29559326171875,0],[143.259765625,178.02215576171875,0],[143.962890625,182.74871826171875,0],[145.193359375,187.26043701171875,0],[146.423828125,191.77215576171875,0],[147.56640625,195.42449951171875,0],[148.97265625,199.50653076171875,0],[150.203125,203.37371826171875,0],[151.2578125,206.38153076171875,0],[152.224609375,208.95965576171875,0],[153.015625,210.89324951171875,0],[153.71875,212.82684326171875,0],[154.7734375,214.76043701171875,0],[155.916015625,216.69403076171875,0],[157.146484375,218.62762451171875,0],[158.376953125,220.56121826171875,0],[159.607421875,222.27996826171875,0],[161.013671875,223.99871826171875,0],[162.68359375,225.71746826171875,0],[164.96875,227.65106201171875,0],[167.95703125,229.79949951171875,0],[171.296875,231.51824951171875,0],[174.63671875,232.16278076171875,0],[177.9765625,232.37762451171875,0],[180.7890625,231.51824951171875,0],[183.865234375,229.79949951171875,0],[187.380859375,227.22137451171875,0],[191.248046875,223.56903076171875,0],[195.466796875,218.84246826171875,0],[199.59765625,213.90106201171875,0],[203.552734375,207.67059326171875,0],[206.541015625,202.08465576171875,0],[209.529296875,196.06903076171875,0],[212.25390625,190.91278076171875,0],[214.890625,185.97137451171875,0],[217,181.67449951171875,0],[218.7578125,177.59246826171875,0],[219.98828125,174.15496826171875,0],[220.955078125,170.71746826171875,0],[221.658203125,167.92449951171875,0],[222.09765625,164.91668701171875,0],[222.2734375,162.12371826171875,0],[222.361328125,159.33074951171875,0],[222.44921875,156.53778076171875,0],[222.80078125,154.17449951171875,0],[223.240234375,152.02606201171875,0],[223.6796875,149.87762451171875,0],[224.20703125,147.29949951171875,0],[225.0859375,144.72137451171875,0],[226.66796875,140.20965576171875,1]],"info":{"wordIdx":419,"sampleIdx":1}}