{"word":"Š","data":[[187.99609375,118.72526550292969,0],[181.84375,121.51823425292969,0],[176.658203125,124.52604675292969,0],[171.82421875,127.74870300292969,0],[168.044921875,130.7565155029297,0],[165.49609375,133.1197967529297,0],[163.03515625,136.1276092529297,0],[161.62890625,139.13543701171875,0],[161.62890625,143.00262451171875,0],[163.2109375,146.65496826171875,0],[166.990234375,151.81121826171875,0],[171.82421875,156.53778076171875,0],[177.44921875,161.47918701171875,0],[183.07421875,166.63543701171875,0],[187.556640625,170.71746826171875,0],[191.599609375,175.22918701171875,0],[194.67578125,179.31121826171875,0],[196.9609375,183.82293701171875,0],[198.015625,188.11981201171875,0],[198.103515625,192.41668701171875,0],[197.048828125,196.28387451171875,0],[195.115234375,200.79559326171875,0],[192.21484375,204.87762451171875,0],[188.875,208.95965576171875,0],[185.7109375,212.61199951171875,0],[182.1953125,216.04949951171875,0],[178.767578125,218.62762451171875,0],[176.130859375,219.91668701171875,0],[173.93359375,220.56121826171875,0],[171.82421875,220.56121826171875,0],[169.5390625,219.70184326171875,0],[166.814453125,217.98309326171875,0],[163.826171875,215.40496826171875,0],[159.431640625,211.75262451171875,0],[151.521484375,205.30731201171875,1],[149.1484375,66.94792175292969,0],[153.806640625,67.80729675292969,0],[158.904296875,68.45182800292969,0],[164.177734375,68.88151550292969,0],[168.748046875,69.09635925292969,0],[172.52734375,68.88151550292969,0],[175.955078125,68.45182800292969,0],[177.888671875,67.59245300292969,0],[178.943359375,66.73307800292969,0],[181.228515625,63.29557800292969,0],[185.271484375,57.27995300292969,1]],"info":{"wordIdx":416,"sampleIdx":1}}