{"word":"U","data":[[160.57421875,129.6822967529297,0],[160.310546875,134.6237030029297,0],[159.6953125,140.20965576171875,0],[158.728515625,145.36590576171875,0],[157.5859375,150.30731201171875,0],[156.1796875,154.81903076171875,0],[154.861328125,159.97528076171875,0],[153.455078125,164.91668701171875,0],[152.048828125,170.28778076171875,0],[150.90625,175.22918701171875,0],[149.8515625,181.02996826171875,0],[149.32421875,186.18621826171875,0],[148.97265625,191.55731201171875,0],[148.796875,196.49871826171875,0],[149.1484375,201.86981201171875,0],[149.587890625,207.02606201171875,0],[150.37890625,212.18231201171875,0],[151.521484375,217.55340576171875,0],[152.927734375,223.35418701171875,0],[154.7734375,229.15496826171875,0],[156.794921875,235.60028076171875,0],[158.552734375,241.18621826171875,0],[160.310546875,246.34246826171875,0],[161.8046875,250.42449951171875,0],[163.474609375,254.29168701171875,0],[165.232421875,257.08465576171875,0],[167.517578125,259.44793701171875,0],[170.505859375,261.81121826171875,0],[174.4609375,263.74481201171875,0],[177.9765625,264.38934326171875,0],[181.140625,264.38934326171875,0],[184.744140625,263.31512451171875,0],[188.962890625,261.16668701171875,0],[193.884765625,257.94403076171875,0],[198.455078125,253.86199951171875,0],[203.728515625,247.41668701171875,0],[208.474609375,240.11199951171875,0],[213.8359375,231.94793701171875,0],[219.548828125,221.85028076171875,0],[224.20703125,212.18231201171875,0],[228.07421875,202.29949951171875,0],[231.0625,192.41668701171875,0],[233.69921875,182.74871826171875,0],[235.6328125,173.29559326171875,0],[236.951171875,165.56121826171875,0],[237.654296875,158.90106201171875,0],[237.830078125,152.45574951171875,0],[237.7421875,147.51434326171875,0],[237.302734375,143.43231201171875,0],[236.3359375,139.99481201171875,0],[234.9296875,136.7721405029297,0],[233.34765625,134.4088592529297,0],[230.447265625,130.3268280029297,1]],"info":{"wordIdx":419,"sampleIdx":0}}