{"word":"Ť","data":[[178.85546875,130.1119842529297,0],[178.943359375,133.5494842529297,0],[178.943359375,138.06121826171875,0],[178.85546875,143.43231201171875,0],[178.591796875,150.73699951171875,0],[178.328125,157.39715576171875,0],[178.064453125,164.05731201171875,0],[177.625,171.14715576171875,0],[177.361328125,177.37762451171875,0],[176.833984375,183.82293701171875,0],[175.8671875,190.91278076171875,0],[174.724609375,198.64715576171875,0],[173.318359375,206.38153076171875,0],[172,213.90106201171875,0],[170.9453125,221.63543701171875,0],[170.154296875,226.14715576171875,0],[168.66015625,234.31121826171875,1],[215.681640625,127.31901550292969,0],[211.19921875,127.96354675292969,0],[206.716796875,128.6080780029297,0],[201.00390625,129.4674530029297,0],[194.32421875,129.6822967529297,0],[188.787109375,129.6822967529297,0],[183.337890625,129.6822967529297,0],[177.712890625,129.2526092529297,0],[172.3515625,128.6080780029297,0],[167.25390625,127.74870300292969,0],[163.474609375,127.10417175292969,0],[159.6953125,126.02995300292969,0],[156.091796875,125.60026550292969,0],[151.609375,125.38542175292969,0],[147.390625,125.60026550292969,0],[138.77734375,126.24479675292969,0],[131.74609375,127.74870300292969,0],[117.5078125,129.0377655029297,0],[110.30078125,129.4674530029297,0],[97.29296875,130.3268280029297,1],[159.6953125,84.35026550292969,0],[160.22265625,87.78776550292969,0],[160.837890625,90.58073425292969,0],[161.8046875,92.72917175292969,0],[162.68359375,94.23307800292969,0],[163.38671875,94.87760925292969,0],[166.0234375,96.81120300292969,0],[168.66015625,97.67057800292969,0],[171.033203125,97.88542175292969,0],[173.23046875,97.67057800292969,0],[175.955078125,96.81120300292969,0],[177.625,95.95182800292969,0],[179.470703125,94.44792175292969,0],[180.7890625,93.15885925292969,0],[182.1953125,91.65495300292969,0],[183.513671875,90.15104675292969,0],[184.568359375,89.07682800292969,0],[185.18359375,88.43229675292969,0],[186.58984375,87.57292175292969,0],[189.05078125,86.06901550292969,1]],"info":{"wordIdx":418,"sampleIdx":2}}