{"word":"T","data":[[178.943359375,162.98309326171875,0],[179.3828125,171.14715576171875,0],[179.470703125,178.88153076171875,0],[179.3828125,186.18621826171875,0],[179.20703125,193.06121826171875,0],[178.943359375,199.50653076171875,0],[178.6796875,205.95184326171875,0],[178.240234375,213.04168701171875,0],[177.80078125,219.91668701171875,0],[177.2734375,226.57684326171875,0],[176.39453125,233.23699951171875,0],[175.8671875,238.17840576171875,0],[175.33984375,242.90496826171875,0],[174.900390625,246.77215576171875,0],[174.4609375,249.99481201171875,0],[174.021484375,252.57293701171875,0],[173.669921875,255.15106201171875,0],[173.494140625,257.51434326171875,0],[173.7578125,260.52215576171875,0],[174.197265625,262.67059326171875,0],[174.98828125,266.53778076171875,1],[225.525390625,145.36590576171875,0],[219.109375,145.15106201171875,0],[212.25390625,145.36590576171875,0],[204.51953125,145.79559326171875,0],[195.203125,146.65496826171875,0],[187.99609375,146.86981201171875,0],[180.173828125,147.29949951171875,0],[171.82421875,147.51434326171875,0],[166.0234375,147.29949951171875,0],[161.013671875,146.86981201171875,0],[156.00390625,146.22528076171875,0],[151.345703125,145.79559326171875,0],[146.3359375,145.36590576171875,0],[142.908203125,145.15106201171875,0],[139.65625,144.72137451171875,0],[136.66796875,144.50653076171875,0],[134.119140625,144.29168701171875,0],[131.74609375,144.50653076171875,0],[129.724609375,144.93621826171875,0],[127.615234375,145.58074951171875,0],[125.857421875,146.44012451171875,0],[124.71484375,147.08465576171875,0],[124.01171875,147.72918701171875,0],[122.95703125,149.01824951171875,0],[122.25390625,150.09246826171875,0],[121.638671875,151.38153076171875,0],[121.462890625,152.24090576171875,0],[121.287109375,153.10028076171875,0],[121.638671875,154.38934326171875,0],[122.25390625,156.75262451171875,1]],"info":{"wordIdx":417,"sampleIdx":1}}