{"word":"S","data":[[192.478515625,125.38542175292969,0],[183.42578125,124.95573425292969,0],[174.373046875,124.74089050292969,0],[167.517578125,124.74089050292969,0],[161.98046875,124.95573425292969,0],[157.76171875,125.17057800292969,0],[155.65234375,125.60026550292969,0],[154.94921875,125.81510925292969,0],[154.685546875,126.02995300292969,0],[154.509765625,127.31901550292969,0],[156.091796875,130.9713592529297,0],[160.046875,135.0533905029297,0],[168.66015625,141.92840576171875,0],[175.8671875,147.08465576171875,0],[184.3046875,153.95965576171875,0],[191.6875,160.83465576171875,0],[198.71875,168.13934326171875,0],[204.431640625,175.87371826171875,0],[208.123046875,182.96356201171875,0],[210.583984375,190.26824951171875,0],[211.375,197.78778076171875,0],[210.84765625,205.30731201171875,0],[208.826171875,213.04168701171875,0],[204.783203125,220.77606201171875,0],[198.89453125,228.51043701171875,0],[193.4453125,233.88153076171875,0],[187.29296875,239.89715576171875,0],[181.140625,244.83856201171875,0],[176.306640625,247.84637451171875,0],[172.439453125,249.99481201171875,0],[169.626953125,251.06903076171875,0],[167.517578125,251.49871826171875,0],[165.935546875,251.49871826171875,0],[164.08984375,251.06903076171875,0],[162.419921875,250.85418701171875,0],[160.22265625,250.42449951171875,0],[156.70703125,250.42449951171875,0],[151.609375,251.28387451171875,0],[144.578125,252.14324951171875,0],[131.921875,253.86199951171875,1]],"info":{"wordIdx":415,"sampleIdx":2}}