{"word":"P","data":[[135.26171875,125.81510925292969,0],[135.701171875,134.8385467529297,0],[136.052734375,145.58074951171875,0],[136.052734375,158.04168701171875,0],[136.052734375,170.50262451171875,0],[135.61328125,182.10418701171875,0],[135.173828125,193.06121826171875,0],[134.646484375,203.37371826171875,0],[134.03125,213.25653076171875,0],[133.85546875,223.13934326171875,0],[133.50390625,232.59246826171875,0],[133.064453125,241.40106201171875,0],[132.80078125,249.77996826171875,0],[132.361328125,258.15887451171875,0],[132.09765625,266.53778076171875,0],[131.658203125,274.05731201171875,0],[131.306640625,280.50262451171875,0],[130.603515625,292.10418701171875,1],[135.349609375,120.22917175292969,0],[138.07421875,120.22917175292969,0],[141.0625,120.65885925292969,0],[144.314453125,121.94792175292969,0],[146.86328125,123.23698425292969,0],[149.5,124.95573425292969,0],[151.609375,126.67448425292969,0],[153.630859375,128.8229217529297,0],[156.091796875,132.0455780029297,0],[157.41015625,134.4088592529297,0],[158.201171875,136.5572967529297,0],[158.728515625,138.92059326171875,0],[158.640625,141.28387451171875,0],[157.849609375,144.29168701171875,0],[156.267578125,147.51434326171875,0],[153.71875,151.81121826171875,0],[150.37890625,156.75262451171875,0],[147.21484375,161.47918701171875,0],[144.578125,165.56121826171875,0],[142.380859375,168.99871826171875,0],[140.18359375,172.43621826171875,0],[138.77734375,174.15496826171875,0],[137.1953125,175.22918701171875,0],[134.119140625,176.08856201171875,0],[128.58203125,177.80731201171875,1]],"info":{"wordIdx":411,"sampleIdx":1}}