{"word":"T","data":[[170.330078125,157.18231201171875,0],[170.330078125,161.26434326171875,0],[170.41796875,166.20574951171875,0],[170.41796875,170.71746826171875,0],[170.330078125,175.65887451171875,0],[170.2421875,181.02996826171875,0],[170.330078125,185.75653076171875,0],[170.41796875,190.48309326171875,0],[170.41796875,194.56512451171875,0],[170.41796875,198.86199951171875,0],[170.505859375,203.58856201171875,0],[170.76953125,207.24090576171875,0],[171.033203125,210.89324951171875,0],[171.296875,214.76043701171875,0],[171.6484375,218.41278076171875,0],[172,223.56903076171875,0],[172.439453125,229.15496826171875,0],[172.791015625,236.02996826171875,0],[173.23046875,240.32684326171875,0],[174.021484375,248.06121826171875,1],[209.529296875,135.6979217529297,0],[207.068359375,135.0533905029297,0],[204.51953125,134.6237030029297,0],[201.53125,134.4088592529297,0],[197.83984375,133.9791717529297,0],[193.4453125,133.5494842529297,0],[188.69921875,133.7643280029297,0],[183.42578125,133.9791717529297,0],[177.625,134.4088592529297,0],[171.736328125,135.2682342529297,0],[166.814453125,136.1276092529297,0],[162.595703125,136.9869842529297,0],[158.46484375,137.84637451171875,0],[154.421875,138.70574951171875,0],[150.291015625,139.13543701171875,0],[146.423828125,139.56512451171875,0],[143.611328125,139.77996826171875,0],[140.88671875,139.77996826171875,0],[138.42578125,139.99481201171875,0],[135.7890625,139.99481201171875,0],[132.9765625,139.99481201171875,0],[130.427734375,139.77996826171875,0],[127.615234375,139.77996826171875,0],[125.59375,139.99481201171875,0],[124.099609375,139.99481201171875,0],[122.869140625,140.20965576171875,0],[121.814453125,140.42449951171875,0],[120.935546875,140.63934326171875,0],[120.056640625,140.85418701171875,0],[119.08984375,140.63934326171875,0],[117.33203125,140.42449951171875,1]],"info":{"wordIdx":417,"sampleIdx":2}}