{"word":"Ť","data":[[176.482421875,147.72918701171875,0],[176.21875,155.03387451171875,0],[176.04296875,163.41278076171875,0],[176.04296875,172.86590576171875,0],[176.130859375,181.88934326171875,0],[176.21875,191.34246826171875,0],[176.306640625,199.50653076171875,0],[176.5703125,206.81121826171875,0],[176.74609375,214.11590576171875,0],[177.185546875,220.77606201171875,0],[177.712890625,227.43621826171875,0],[178.240234375,233.23699951171875,0],[178.767578125,240.32684326171875,0],[178.85546875,245.69793701171875,0],[179.3828125,250.85418701171875,0],[180.26171875,260.30731201171875,1],[215.2421875,133.1197967529297,0],[210.49609375,133.5494842529297,0],[203.9921875,134.6237030029297,0],[195.466796875,135.2682342529297,0],[187.46875,136.1276092529297,0],[176.658203125,136.9869842529297,0],[167.166015625,137.84637451171875,0],[157.05859375,138.49090576171875,0],[141.4140625,139.56512451171875,0],[136.31640625,139.99481201171875,0],[132.712890625,140.42449951171875,0],[130.427734375,140.85418701171875,0],[129.021484375,141.06903076171875,0],[128.0546875,141.49871826171875,0],[127.703125,141.49871826171875,0],[127.703125,141.49871826171875,0],[127.703125,141.49871826171875,0],[127.87890625,141.92840576171875,1],[173.93359375,77.26042175292969,0],[174.021484375,82.63151550292969,0],[174.373046875,87.35807800292969,0],[174.98828125,91.01042175292969,0],[175.955078125,93.80339050292969,0],[177.09765625,95.95182800292969,0],[177.888671875,97.02604675292969,0],[179.470703125,98.31510925292969,0],[183.07421875,100.24870300292969,0],[186.501953125,100.67839050292969,0],[189.9296875,100.24870300292969,0],[193.357421875,98.95964050292969,0],[197.048828125,96.59635925292969,0],[199.685546875,94.44792175292969,0],[203.2890625,89.50651550292969,0],[205.75,84.77995300292969,0],[207.5078125,80.69792175292969,0],[208.826171875,76.61589050292969,0],[209.529296875,73.60807800292969,0],[209.6171875,70.81510925292969,0],[209.705078125,65.87370300292969,1]],"info":{"wordIdx":418,"sampleIdx":1}}