{"word":"Š","data":[[150.37890625,139.13543701171875,0],[144.75390625,140.20965576171875,0],[138.25,141.71356201171875,0],[132.09765625,143.43231201171875,0],[126.82421875,144.93621826171875,0],[122.95703125,146.22528076171875,0],[120.935546875,147.08465576171875,0],[120.056640625,147.51434326171875,0],[119.265625,148.15887451171875,0],[118.650390625,149.01824951171875,0],[118.2109375,150.95184326171875,0],[118.650390625,152.88543701171875,0],[119.96875,154.81903076171875,0],[122.78125,157.61199951171875,0],[128.318359375,162.12371826171875,0],[133.328125,165.99090576171875,0],[139.83203125,171.36199951171875,0],[146.599609375,177.16278076171875,0],[153.015625,183.39324951171875,0],[157.849609375,188.54949951171875,0],[162.5078125,194.13543701171875,0],[165.759765625,198.64715576171875,0],[168.1328125,202.72918701171875,0],[169.451171875,206.38153076171875,0],[169.890625,209.81903076171875,0],[169.275390625,213.47137451171875,0],[167.517578125,218.84246826171875,0],[164.705078125,225.07293701171875,0],[159.87109375,231.51824951171875,0],[154.0703125,237.53387451171875,0],[147.91796875,243.11981201171875,0],[141.94140625,247.63153076171875,0],[135.349609375,251.49871826171875,0],[128.93359375,253.86199951171875,0],[123.748046875,254.72137451171875,0],[119.529296875,254.93621826171875,0],[115.3984375,254.50653076171875,0],[111.619140625,253.43231201171875,0],[104.763671875,251.49871826171875,1],[121.90234375,82.63151550292969,0],[125.06640625,85.63932800292969,0],[128.318359375,88.21745300292969,0],[131.658203125,90.36589050292969,0],[134.91015625,91.86979675292969,0],[137.986328125,92.94401550292969,0],[141.23828125,93.37370300292969,0],[144.490234375,92.94401550292969,0],[147.654296875,92.08464050292969,0],[150.73046875,90.36589050292969,0],[153.54296875,87.78776550292969,0],[157.146484375,81.77214050292969,0],[163.5625,71.02995300292969,1]],"info":{"wordIdx":416,"sampleIdx":2}}