{"word":".","data":[[160,203,1],[93.6015625,137.20184326171875,0],[93.6015625,137.20184326171875,0],[93.6015625,137.20184326171875,0],[91.66796875,135.2682342529297,0],[85.1640625,128.1783905029297,0],[76.462890625,114.64323425292969,0],[60.73046875,90.36589050292969,1],[107.927734375,205.95184326171875,0],[100.45703125,199.29168701171875,0],[93.42578125,192.41668701171875,0],[87.185546875,186.61590576171875,0],[82.791015625,182.31903076171875,0],[79.890625,179.95574951171875,0],[78.66015625,179.09637451171875,0],[77.95703125,178.66668701171875,0],[77.517578125,178.66668701171875,0],[76.7265625,182.31903076171875,0],[79.451171875,196.92840576171875,0],[84.4609375,213.68621826171875,0],[89.294921875,230.87371826171875,0],[93.07421875,243.11981201171875,0],[95.271484375,251.06903076171875,0],[96.326171875,254.29168701171875,0],[96.326171875,254.29168701171875,0],[94.83203125,244.62371826171875,0],[86.130859375,214.11590576171875,0],[76.0234375,183.17840576171875,0],[65.564453125,149.44793701171875,0],[52.99609375,114.42839050292969,0],[39.021484375,81.12760925292969,0],[23.2890625,52.55339050292969,0],[9.490234375,33.86198425292969,0],[-8,11.518234252929688,1]],"info":{"wordIdx":428,"sampleIdx":0}}