{"word":"Y","data":[[170.41796875,174.79949951171875,0],[173.23046875,171.14715576171875,0],[176.306640625,166.85028076171875,0],[178.85546875,162.55340576171875,0],[181.228515625,158.25653076171875,0],[183.25,153.74481201171875,0],[185.18359375,150.09246826171875,0],[187.029296875,146.65496826171875,0],[188.787109375,143.64715576171875,0],[190.896484375,140.20965576171875,0],[192.654296875,137.41668701171875,0],[194.1484375,135.0533905029297,0],[195.115234375,133.5494842529297,0],[195.90625,132.2604217529297,0],[196.609375,131.1862030029297,0],[196.9609375,130.7565155029297,0],[197.048828125,130.5416717529297,0],[197.048828125,130.5416717529297,0],[197.048828125,130.5416717529297,1],[162.5078125,184.25262451171875,0],[160.134765625,178.66668701171875,0],[157.5859375,173.51043701171875,0],[154.333984375,167.92449951171875,0],[150.90625,162.55340576171875,0],[147.56640625,157.18231201171875,0],[144.138671875,151.38153076171875,0],[141.326171875,146.22528076171875,0],[138.77734375,141.71356201171875,0],[136.580078125,137.63153076171875,0],[134.03125,132.9049530029297,0],[132.185546875,128.8229217529297,0],[130.603515625,125.38542175292969,0],[129.021484375,122.59245300292969,0],[126.12109375,117.65104675292969,1],[162.771484375,203.37371826171875,0],[163.123046875,207.67059326171875,0],[163.298828125,213.47137451171875,0],[163.298828125,218.41278076171875,0],[163.2109375,223.99871826171875,0],[163.2109375,229.15496826171875,0],[163.123046875,234.52606201171875,0],[163.03515625,238.82293701171875,0],[162.947265625,242.26043701171875,0],[162.859375,244.83856201171875,0],[162.859375,246.98699951171875,0],[162.859375,248.70574951171875,0],[162.859375,249.99481201171875,0],[162.859375,251.28387451171875,0],[162.859375,252.14324951171875,0],[162.859375,252.57293701171875,0],[162.859375,252.57293701171875,0],[162.859375,252.57293701171875,0],[162.859375,252.57293701171875,1]],"info":{"wordIdx":423,"sampleIdx":2}}