{"word":"?","data":[[172.439453125,115.71745300292969,0],[174.8125,113.13932800292969,0],[177.2734375,110.77604675292969,0],[181.31640625,107.55339050292969,0],[184.48046875,105.61979675292969,0],[187.46875,104.33073425292969,0],[190.28125,103.68620300292969,0],[192.830078125,103.47135925292969,0],[195.291015625,103.47135925292969,0],[197.400390625,103.90104675292969,0],[199.509765625,104.76042175292969,0],[200.828125,105.83464050292969,0],[202.76171875,107.98307800292969,0],[205.134765625,111.20573425292969,0],[207.068359375,114.85807800292969,0],[208.650390625,119.15495300292969,0],[209.177734375,125.17057800292969,0],[208.5625,132.9049530029297,0],[207.068359375,141.92840576171875,0],[205.046875,151.81121826171875,0],[202.41015625,159.97528076171875,0],[199.421875,167.70965576171875,0],[196.521484375,174.36981201171875,0],[193.97265625,180.38543701171875,0],[191.775390625,185.54168701171875,0],[190.193359375,189.19403076171875,0],[189.05078125,192.63153076171875,0],[188.611328125,194.77996826171875,0],[188.34765625,196.49871826171875,0],[188.34765625,197.57293701171875,0],[188.435546875,198.00262451171875,0],[188.5234375,198.21746826171875,0],[188.5234375,198.21746826171875,0],[188.5234375,198.21746826171875,0],[188.5234375,198.21746826171875,0],[188.5234375,198.21746826171875,0],[189.40234375,198.64715576171875,0],[190.544921875,199.07684326171875,0],[191.6875,199.29168701171875,0],[193.181640625,199.29168701171875,0],[194.8515625,199.07684326171875,0],[197.048828125,198.86199951171875,0],[199.421875,198.21746826171875,0],[201.70703125,197.35809326171875,0],[204.431640625,196.28387451171875,0],[207.244140625,195.20965576171875,0],[209.529296875,194.56512451171875,0],[211.55078125,194.13543701171875,0],[213.923828125,193.92059326171875,0],[216.12109375,194.35028076171875,0],[220.076171875,195.20965576171875,1],[191,252,1]],"info":{"wordIdx":426,"sampleIdx":2}}