{"word":"?","data":[[143.083984375,139.56512451171875,0],[144.75390625,137.84637451171875,0],[148.09375,135.0533905029297,0],[151.609375,133.1197967529297,0],[154.861328125,132.2604217529297,0],[157.146484375,131.8307342529297,0],[159.080078125,132.0455780029297,0],[160.662109375,132.4752655029297,0],[161.62890625,132.9049530029297,0],[162.5078125,133.7643280029297,0],[163.9140625,135.4830780029297,0],[165.583984375,138.70574951171875,0],[166.462890625,142.14324951171875,0],[166.638671875,145.58074951171875,0],[166.111328125,150.09246826171875,0],[165.14453125,154.81903076171875,0],[164.001953125,159.54559326171875,0],[162.947265625,163.84246826171875,0],[161.62890625,168.35418701171875,0],[160.310546875,173.51043701171875,0],[159.16796875,178.02215576171875,0],[158.201171875,181.88934326171875,0],[157.41015625,185.54168701171875,0],[156.970703125,188.54949951171875,0],[156.970703125,191.77215576171875,0],[157.5859375,195.42449951171875,0],[158.2890625,198.43231201171875,0],[159.255859375,201.22528076171875,0],[160.3984375,203.37371826171875,0],[161.453125,205.09246826171875,0],[162.5078125,206.16668701171875,0],[164.265625,207.67059326171875,0],[166.55078125,208.95965576171875,0],[168.748046875,209.60418701171875,0],[170.681640625,209.81903076171875,0],[173.142578125,209.60418701171875,0],[175.076171875,209.17449951171875,0],[177.009765625,208.52996826171875,0],[178.240234375,207.88543701171875,0],[179.20703125,207.02606201171875,0],[180.173828125,206.38153076171875,0],[180.96484375,205.95184326171875,0],[182.37109375,205.30731201171875,1],[176,273,1]],"info":{"wordIdx":426,"sampleIdx":0}}