{"word":"?","data":[[126.208984375,115.93229675292969,0],[131.306640625,113.78385925292969,0],[137.1953125,111.42057800292969,0],[143.435546875,109.27214050292969,0],[148.884765625,107.98307800292969,0],[154.333984375,107.12370300292969,0],[158.640625,106.90885925292969,0],[162.33203125,107.55339050292969,0],[165.232421875,108.41276550292969,0],[167.4296875,109.48698425292969,0],[168.572265625,110.34635925292969,0],[169.36328125,111.20573425292969,0],[170.9453125,113.99870300292969,0],[172,118.72526550292969,0],[171.6484375,126.02995300292969,0],[169.626953125,134.6237030029297,0],[167.341796875,141.49871826171875,0],[164.79296875,149.87762451171875,0],[162.244140625,157.61199951171875,0],[159.6953125,165.34637451171875,0],[157.146484375,172.43621826171875,0],[155.125,179.31121826171875,0],[153.982421875,184.03778076171875,0],[153.455078125,188.33465576171875,0],[153.455078125,191.77215576171875,0],[154.0703125,194.13543701171875,0],[155.125,196.06903076171875,0],[156.619140625,197.78778076171875,0],[159.16796875,199.50653076171875,0],[162.947265625,200.79559326171875,0],[167.078125,201.22528076171875,0],[171.82421875,201.01043701171875,0],[176.04296875,200.58074951171875,0],[179.55859375,200.15106201171875,0],[182.283203125,199.50653076171875,0],[184.568359375,198.64715576171875,0],[186.23828125,197.78778076171875,0],[186.94140625,197.14324951171875,0],[188.171875,196.06903076171875,1],[171,255,1]],"info":{"wordIdx":426,"sampleIdx":1}}