{"word":",","data":[[164.880859375,197.14324951171875,0],[164.08984375,206.38153076171875,0],[163.650390625,215.61981201171875,0],[163.474609375,225.07293701171875,0],[163.298828125,234.09637451171875,0],[163.2109375,241.40106201171875,0],[163.2109375,247.63153076171875,0],[163.298828125,252.78778076171875,0],[163.474609375,256.22528076171875,0],[163.73828125,262.45574951171875,1]],"info":{"wordIdx":429,"sampleIdx":1}}