{"word":"X","data":[[186.94140625,142.35809326171875,0],[183.07421875,147.51434326171875,0],[179.119140625,152.45574951171875,0],[173.93359375,158.90106201171875,0],[169.099609375,164.48699951171875,0],[163.2109375,172.86590576171875,0],[158.11328125,179.74090576171875,0],[152.13671875,186.83074951171875,0],[145.984375,194.56512451171875,0],[140.88671875,201.86981201171875,0],[136.404296875,208.10028076171875,0],[132.09765625,213.90106201171875,0],[128.58203125,219.48699951171875,0],[125.9453125,224.64324951171875,0],[124.1875,229.15496826171875,0],[123.044921875,232.80731201171875,0],[122.60546875,235.60028076171875,0],[122.341796875,237.53387451171875,0],[122.341796875,239.03778076171875,0],[122.4296875,240.11199951171875,0],[122.517578125,240.54168701171875,0],[122.517578125,240.54168701171875,0],[122.517578125,240.54168701171875,0],[122.517578125,240.54168701171875,0],[122.517578125,240.54168701171875,0],[122.517578125,240.54168701171875,0],[122.166015625,239.25262451171875,0],[121.19921875,236.45965576171875,0],[119.44140625,231.51824951171875,1],[206.8046875,248.06121826171875,0],[205.57421875,244.83856201171875,0],[203.376953125,240.75653076171875,0],[199.861328125,235.38543701171875,0],[195.642578125,230.01434326171875,0],[190.193359375,223.13934326171875,0],[185.359375,216.90887451171875,0],[179.20703125,209.60418701171875,0],[172.87890625,201.86981201171875,0],[166.7265625,194.77996826171875,0],[160.662109375,186.61590576171875,0],[154.685546875,178.45184326171875,0],[148.357421875,170.07293701171875,0],[142.205078125,160.40496826171875,0],[137.107421875,151.38153076171875,0],[131.39453125,141.28387451171875,0],[125.681640625,131.6158905029297,0],[120.671875,123.66667175292969,0],[117.068359375,116.57682800292969,0],[114.51953125,111.85026550292969,0],[113.11328125,109.05729675292969,0],[112.322265625,107.76823425292969,0],[112.322265625,107.76823425292969,0],[112.322265625,107.76823425292969,0],[112.322265625,107.76823425292969,0],[113.46484375,109.70182800292969,0],[115.486328125,113.35417175292969,1]],"info":{"wordIdx":422,"sampleIdx":0}}