{"word":"Y","data":[[168.923828125,172.65106201171875,0],[165.49609375,168.56903076171875,0],[162.15625,164.48699951171875,0],[157.9375,159.76043701171875,0],[153.89453125,155.24871826171875,0],[149.67578125,150.95184326171875,0],[145.193359375,145.79559326171875,0],[141.58984375,141.49871826171875,0],[137.458984375,136.3424530029297,0],[133.767578125,132.0455780029297,0],[130.251953125,128.3932342529297,0],[126.033203125,123.66667175292969,0],[123.1328125,120.01432800292969,0],[117.859375,113.56901550292969,1],[176.306640625,183.82293701171875,0],[179.734375,178.45184326171875,0],[182.986328125,171.36199951171875,0],[185.974609375,163.41278076171875,0],[188.69921875,154.81903076171875,0],[190.896484375,145.79559326171875,0],[192.478515625,138.27606201171875,0],[193.62109375,132.9049530029297,0],[194.412109375,129.0377655029297,0],[194.8515625,127.10417175292969,0],[195.115234375,126.24479675292969,0],[195.203125,125.81510925292969,0],[195.203125,125.81510925292969,0],[195.203125,125.81510925292969,1],[171.296875,186.61590576171875,0],[170.76953125,190.26824951171875,0],[170.505859375,194.77996826171875,0],[170.41796875,200.36590576171875,0],[170.505859375,205.95184326171875,0],[170.59375,210.67840576171875,0],[170.857421875,215.40496826171875,0],[170.9453125,219.48699951171875,0],[170.9453125,223.35418701171875,0],[170.9453125,226.79168701171875,0],[170.857421875,229.79949951171875,0],[170.59375,232.37762451171875,0],[170.06640625,235.60028076171875,0],[169.451171875,239.46746826171875,0],[168.30859375,246.55731201171875,1]],"info":{"wordIdx":423,"sampleIdx":1}}