{"word":"!","data":[[169.099609375,113.99870300292969,0],[169.802734375,123.23698425292969,0],[170.857421875,133.5494842529297,0],[172.17578125,146.44012451171875,0],[173.40625,157.39715576171875,0],[174.548828125,167.49481201171875,0],[175.779296875,177.37762451171875,0],[176.5703125,184.89715576171875,0],[177.009765625,191.34246826171875,0],[177.361328125,197.14324951171875,0],[177.44921875,203.37371826171875,0],[177.537109375,214.76043701171875,1],[180,270,1]],"info":{"wordIdx":427,"sampleIdx":1}}