{"word":",","data":[[156.1796875,211.75262451171875,0],[154.861328125,220.34637451171875,0],[153.279296875,229.15496826171875,0],[151.521484375,237.96356201171875,0],[149.939453125,244.62371826171875,0],[148.26953125,249.56512451171875,0],[145.193359375,258.58856201171875,1]],"info":{"wordIdx":429,"sampleIdx":0}}