{"word":"!","data":[[164.353515625,124.95573425292969,0],[165.14453125,133.3346405029297,0],[166.462890625,144.29168701171875,0],[167.693359375,155.24871826171875,0],[169.36328125,166.85028076171875,0],[171.033203125,177.37762451171875,0],[172.3515625,186.40106201171875,0],[173.23046875,193.06121826171875,0],[173.93359375,198.00262451171875,0],[174.28515625,200.58074951171875,0],[174.28515625,202.08465576171875,0],[174.4609375,202.94403076171875,0],[174.724609375,204.66278076171875,1],[169,274,1]],"info":{"wordIdx":427,"sampleIdx":0}}