{"word":"!","data":[[150.115234375,115.71745300292969,0],[150.37890625,121.94792175292969,0],[150.994140625,130.5416717529297,0],[151.78515625,139.77996826171875,0],[152.751953125,149.66278076171875,0],[153.89453125,158.68621826171875,0],[154.861328125,167.49481201171875,0],[155.916015625,175.87371826171875,0],[156.70703125,183.17840576171875,0],[157.5859375,190.05340576171875,0],[158.11328125,195.85418701171875,0],[158.201171875,201.86981201171875,0],[158.025390625,203.37371826171875,0],[157.673828125,206.16668701171875,1],[154,268,1]],"info":{"wordIdx":427,"sampleIdx":2}}