{"word":"X","data":[[181.931640625,138.92059326171875,0],[184.392578125,137.41668701171875,0],[186.23828125,136.3424530029297,0],[187.556640625,135.2682342529297,0],[188.259765625,135.0533905029297,0],[188.875,134.6237030029297,0],[189.40234375,134.1940155029297,0],[189.75390625,133.9791717529297,0],[189.841796875,133.9791717529297,0],[189.841796875,133.9791717529297,0],[189.841796875,133.9791717529297,0],[189.841796875,133.9791717529297,0],[189.841796875,133.9791717529297,0],[189.666015625,134.4088592529297,0],[189.138671875,135.6979217529297,0],[188.34765625,136.9869842529297,0],[186.94140625,139.13543701171875,0],[185.095703125,141.49871826171875,0],[182.546875,144.93621826171875,0],[179.91015625,147.94403076171875,0],[176.482421875,151.16668701171875,0],[171.47265625,155.67840576171875,0],[166.7265625,159.97528076171875,0],[161.189453125,165.34637451171875,0],[154.94921875,171.36199951171875,0],[148.181640625,177.80731201171875,0],[142.556640625,184.25262451171875,0],[137.37109375,190.69793701171875,0],[132.2734375,196.92840576171875,0],[127.439453125,203.15887451171875,0],[123.30859375,208.74481201171875,0],[120.3203125,213.47137451171875,0],[117.859375,218.41278076171875,0],[116.365234375,222.49481201171875,0],[115.662109375,225.93231201171875,0],[115.134765625,228.94012451171875,0],[115.134765625,231.08856201171875,0],[115.22265625,233.02215576171875,0],[115.3984375,233.88153076171875,0],[115.486328125,234.52606201171875,0],[115.486328125,234.52606201171875,0],[115.486328125,234.52606201171875,0],[115.486328125,234.52606201171875,0],[115.486328125,234.52606201171875,0],[115.486328125,234.52606201171875,0],[115.486328125,234.52606201171875,0],[115.486328125,234.52606201171875,1],[206.013671875,257.29949951171875,0],[203.11328125,252.14324951171875,0],[198.806640625,245.91278076171875,0],[193.181640625,239.46746826171875,0],[186.94140625,231.51824951171875,0],[179.91015625,223.13934326171875,0],[171.912109375,214.97528076171875,0],[164.353515625,205.73699951171875,0],[156.619140625,196.71356201171875,0],[148.62109375,188.11981201171875,0],[141.4140625,179.74090576171875,0],[134.03125,171.36199951171875,0],[127.17578125,163.41278076171875,0],[121.111328125,155.67840576171875,0],[116.62890625,149.23309326171875,0],[112.849609375,143.00262451171875,0],[110.30078125,139.13543701171875,0],[105.642578125,132.2604217529297,1]],"info":{"wordIdx":422,"sampleIdx":1}}