{"word":"V","data":[[155.037109375,132.9049530029297,0],[156.970703125,140.85418701171875,0],[159.080078125,150.73699951171875,0],[160.837890625,161.26434326171875,0],[162.68359375,172.86590576171875,0],[164.880859375,185.11199951171875,0],[167.517578125,198.21746826171875,0],[170.505859375,213.47137451171875,0],[173.845703125,227.86590576171875,0],[176.833984375,240.75653076171875,0],[179.3828125,251.06903076171875,0],[181.404296875,258.58856201171875,0],[182.8984375,264.60418701171875,0],[183.77734375,268.25653076171875,0],[184.216796875,269.97528076171875,0],[184.48046875,271.04949951171875,0],[184.48046875,271.26434326171875,0],[184.48046875,271.26434326171875,0],[184.48046875,271.26434326171875,0],[184.48046875,271.26434326171875,0],[184.48046875,270.61981201171875,0],[184.48046875,269.33074951171875,0],[184.392578125,267.39715576171875,0],[184.3046875,265.67840576171875,0],[184.216796875,263.95965576171875,0],[184.216796875,262.45574951171875,0],[184.216796875,260.95184326171875,0],[184.392578125,259.01824951171875,0],[184.65625,256.44012451171875,0],[185.18359375,254.07684326171875,0],[186.150390625,250.63934326171875,0],[187.8203125,244.83856201171875,0],[190.369140625,236.88934326171875,0],[193.005859375,228.29559326171875,0],[196.2578125,218.84246826171875,0],[199.158203125,209.38934326171875,0],[201.794921875,200.36590576171875,0],[204.080078125,191.34246826171875,0],[205.57421875,180.81512451171875,0],[206.62890625,171.14715576171875,0],[207.595703125,161.47918701171875,0],[208.298828125,151.59637451171875,0],[209.001953125,142.78778076171875,0],[209.6171875,134.8385467529297,0],[210.056640625,127.74870300292969,0],[210.583984375,122.59245300292969,0],[210.935546875,118.29557800292969,0],[211.111328125,115.50260925292969,0],[211.287109375,113.56901550292969,0],[211.375,112.92448425292969,0],[211.375,112.92448425292969,0],[211.375,112.92448425292969,0],[211.375,112.92448425292969,0],[211.375,112.92448425292969,0],[211.0234375,113.56901550292969,1]],"info":{"wordIdx":420,"sampleIdx":2}}