{"word":"X","data":[[214.01171875,145.15106201171875,0],[211.0234375,148.80340576171875,0],[207.595703125,153.31512451171875,0],[203.904296875,158.47137451171875,0],[199.158203125,164.48699951171875,0],[193.005859375,172.00653076171875,0],[186.58984375,181.24481201171875,0],[179.998046875,190.05340576171875,0],[172.439453125,199.93621826171875,0],[166.19921875,208.10028076171875,0],[159.51953125,216.26434326171875,0],[152.576171875,224.85809326171875,0],[146.951171875,231.30340576171875,0],[141.677734375,237.74871826171875,0],[137.37109375,242.69012451171875,0],[133.50390625,247.20184326171875,0],[129.900390625,251.49871826171875,0],[126.912109375,254.50653076171875,0],[124.01171875,257.51434326171875,0],[121.111328125,260.09246826171875,0],[117.771484375,262.67059326171875,0],[113.640625,265.03387451171875,0],[106.169921875,269.33074951171875,1],[231.23828125,279.42840576171875,0],[226.66796875,274.48699951171875,0],[220.8671875,268.47137451171875,0],[214.01171875,261.81121826171875,0],[206.892578125,253.64715576171875,0],[199.333984375,245.26824951171875,0],[191.3359375,236.88934326171875,0],[182.8984375,227.00653076171875,0],[173.93359375,216.47918701171875,0],[165.408203125,205.73699951171875,0],[156.794921875,194.99481201171875,0],[147.478515625,184.03778076171875,0],[139.48046875,174.36981201171875,0],[131.306640625,165.13153076171875,0],[124.451171875,157.61199951171875,0],[118.9140625,151.16668701171875,0],[114.783203125,145.15106201171875,0],[111.53125,139.56512451171875,0],[105.642578125,129.6822967529297,1]],"info":{"wordIdx":422,"sampleIdx":2}}