{"word":",","data":[[163.9140625,195.85418701171875,0],[164.44140625,203.58856201171875,0],[164.96875,211.32293701171875,0],[165.671875,218.62762451171875,0],[166.638671875,225.71746826171875,0],[167.517578125,231.08856201171875,0],[168.1328125,236.45965576171875,0],[168.66015625,240.75653076171875,0],[169.099609375,244.62371826171875,0],[169.890625,248.70574951171875,0],[170.41796875,251.49871826171875,0],[171.296875,256.65496826171875,1]],"info":{"wordIdx":429,"sampleIdx":2}}