{"word":"V","data":[[160.837890625,114.21354675292969,0],[162.068359375,120.44401550292969,0],[163.826171875,130.5416717529297,0],[166.638671875,143.00262451171875,0],[169.802734375,154.60418701171875,0],[173.23046875,166.20574951171875,0],[176.921875,177.16278076171875,0],[179.998046875,186.40106201171875,0],[182.72265625,195.20965576171875,0],[184.744140625,202.94403076171875,0],[186.23828125,208.95965576171875,0],[187.732421875,215.19012451171875,0],[188.962890625,220.13153076171875,0],[190.10546875,224.64324951171875,0],[191.16015625,229.15496826171875,0],[191.951171875,232.80731201171875,0],[192.830078125,236.02996826171875,0],[193.4453125,238.39324951171875,0],[193.97265625,240.11199951171875,0],[194.32421875,241.61590576171875,0],[194.587890625,242.47528076171875,0],[194.763671875,243.11981201171875,0],[194.8515625,243.33465576171875,0],[194.8515625,243.33465576171875,0],[194.8515625,243.33465576171875,0],[194.8515625,243.33465576171875,0],[194.8515625,243.33465576171875,0],[194.8515625,243.33465576171875,0],[194.8515625,243.33465576171875,0],[194.8515625,243.33465576171875,0],[194.939453125,242.90496826171875,0],[195.291015625,241.83074951171875,0],[195.642578125,240.32684326171875,0],[196.08203125,238.82293701171875,0],[196.521484375,237.10418701171875,0],[197.048828125,234.95574951171875,0],[197.751953125,232.16278076171875,0],[198.806640625,228.08074951171875,0],[200.388671875,221.20574951171875,0],[201.970703125,213.68621826171875,0],[203.376953125,204.66278076171875,0],[204.607421875,195.85418701171875,0],[205.662109375,186.83074951171875,0],[206.892578125,178.02215576171875,0],[207.947265625,169.85809326171875,0],[209.001953125,161.69403076171875,0],[210.056640625,154.17449951171875,0],[211.0234375,147.08465576171875,0],[211.7265625,139.56512451171875,0],[212.4296875,132.0455780029297,0],[212.693359375,125.60026550292969,0],[213.044921875,119.15495300292969,0],[213.1328125,113.78385925292969,0],[213.572265625,108.62760925292969,0],[213.748046875,104.76042175292969,0],[213.8359375,101.96745300292969,0],[214.01171875,99.60417175292969,0],[214.099609375,98.31510925292969,0],[214.099609375,97.88542175292969,0],[214.099609375,97.88542175292969,0],[214.099609375,97.88542175292969,0],[214.099609375,97.88542175292969,1]],"info":{"wordIdx":420,"sampleIdx":1}}