{"word":"(","data":[[162.33203125,134.4088592529297,0],[160.486328125,138.27606201171875,0],[158.9921875,142.35809326171875,0],[157.498046875,147.29949951171875,0],[156.443359375,152.02606201171875,0],[155.564453125,156.32293701171875,0],[155.037109375,160.19012451171875,0],[154.509765625,163.84246826171875,0],[154.0703125,167.06512451171875,0],[153.806640625,170.93231201171875,0],[154.0703125,174.79949951171875,0],[154.861328125,179.52606201171875,0],[156.091796875,184.46746826171875,0],[157.322265625,189.62371826171875,0],[159.080078125,196.28387451171875,0],[160.662109375,202.08465576171875,0],[162.419921875,207.67059326171875,0],[164.529296875,213.04168701171875,0],[166.462890625,217.76824951171875,0],[168.396484375,221.85028076171875,0],[170.505859375,226.14715576171875,0],[172,229.15496826171875,0],[173.23046875,231.51824951171875,0],[174.548828125,233.88153076171875,0],[175.779296875,235.81512451171875,0],[176.658203125,237.31903076171875,0],[177.2734375,237.96356201171875,0],[177.44921875,238.39324951171875,0],[177.625,238.39324951171875,0],[178.416015625,239.03778076171875,0],[178.943359375,239.46746826171875,0],[179.822265625,240.11199951171875,0],[180.96484375,241.40106201171875,0],[183.337890625,244.40887451171875,0],[187.556640625,249.99481201171875,1]],"info":{"wordIdx":433,"sampleIdx":2}}