{"word":"=","data":[[159.607421875,177.80731201171875,0],[163.03515625,176.08856201171875,0],[166.287109375,174.58465576171875,0],[169.451171875,173.29559326171875,0],[172.87890625,172.00653076171875,0],[176.04296875,171.14715576171875,0],[178.50390625,170.28778076171875,0],[180.173828125,169.64324951171875,0],[181.580078125,169.21356201171875,0],[182.72265625,168.56903076171875,0],[183.689453125,168.35418701171875,0],[184.3046875,168.13934326171875,0],[184.3046875,168.13934326171875,0],[184.3046875,168.13934326171875,1],[163.474609375,222.06512451171875,0],[168.923828125,220.13153076171875,0],[173.7578125,218.41278076171875,0],[177.80078125,217.33856201171875,0],[180.96484375,216.26434326171875,0],[183.865234375,215.61981201171875,0],[185.974609375,214.97528076171875,0],[187.1171875,214.97528076171875,0],[187.732421875,214.97528076171875,0],[188.435546875,214.76043701171875,0],[189.666015625,214.54559326171875,1]],"info":{"wordIdx":438,"sampleIdx":2}}