{"word":")","data":[[162.947265625,146.22528076171875,0],[164.880859375,147.29949951171875,0],[166.990234375,149.23309326171875,0],[170.505859375,153.10028076171875,0],[173.58203125,158.04168701171875,0],[176.130859375,162.98309326171875,0],[178.50390625,168.35418701171875,0],[180.349609375,174.36981201171875,0],[181.66796875,179.95574951171875,0],[182.458984375,185.32684326171875,0],[182.72265625,190.05340576171875,0],[182.546875,195.20965576171875,0],[182.01953125,199.50653076171875,0],[181.228515625,203.37371826171875,0],[179.998046875,206.81121826171875,0],[178.591796875,209.17449951171875,0],[176.833984375,211.32293701171875,0],[174.900390625,213.25653076171875,0],[172.3515625,215.61981201171875,0],[169.1875,217.98309326171875,0],[166.7265625,219.70184326171875,0],[164.529296875,221.20574951171875,0],[162.5078125,222.06512451171875,0],[160.662109375,222.70965576171875,0],[159.16796875,223.13934326171875,0],[157.76171875,223.13934326171875,0],[155.212890625,223.13934326171875,1]],"info":{"wordIdx":434,"sampleIdx":2}}