{"word":";","data":[[160,141,1],[157.9375,234.74090576171875,0],[157.673828125,240.54168701171875,0],[157.146484375,245.48309326171875,0],[156.443359375,248.92059326171875,0],[155.828125,251.28387451171875,0],[155.30078125,252.78778076171875,0],[154.861328125,254.29168701171875,0],[154.421875,255.36590576171875,0],[154.24609375,255.79559326171875,0],[154.24609375,255.79559326171875,0],[154.24609375,255.79559326171875,0],[154.24609375,255.79559326171875,0],[154.24609375,255.79559326171875,0],[154.24609375,255.79559326171875,0],[154.24609375,255.79559326171875,1]],"info":{"wordIdx":431,"sampleIdx":0}}