{"word":":","data":[[156.267578125,143.64715576171875,0],[156.35546875,145.15106201171875,0],[156.443359375,146.44012451171875,0],[156.443359375,147.29949951171875,0],[156.443359375,148.15887451171875,0],[156.443359375,148.80340576171875,0],[156.443359375,149.44793701171875,0],[156.443359375,149.44793701171875,1],[154.333984375,243.76434326171875,1]],"info":{"wordIdx":430,"sampleIdx":1}}