{"word":"=","data":[[150.994140625,182.31903076171875,0],[154.158203125,182.53387451171875,0],[157.5859375,182.74871826171875,0],[160.92578125,182.74871826171875,0],[164.529296875,182.96356201171875,0],[168.484375,182.96356201171875,0],[172.3515625,182.74871826171875,0],[175.955078125,182.53387451171875,0],[178.85546875,182.31903076171875,0],[181.4921875,182.31903076171875,0],[183.07421875,182.10418701171875,0],[184.216796875,182.10418701171875,0],[184.65625,181.67449951171875,0],[185.0078125,181.45965576171875,1],[149.67578125,210.89324951171875,0],[153.806640625,212.39715576171875,0],[158.904296875,213.68621826171875,0],[163.474609375,214.33074951171875,0],[167.78125,214.54559326171875,0],[171.82421875,214.54559326171875,0],[175.603515625,214.11590576171875,0],[178.85546875,213.68621826171875,0],[181.052734375,213.25653076171875,0],[183.6015625,212.82684326171875,0],[185.53515625,212.39715576171875,0],[187.029296875,211.96746826171875,0],[188.5234375,211.32293701171875,0],[190.017578125,210.24871826171875,0],[192.654296875,208.31512451171875,1]],"info":{"wordIdx":438,"sampleIdx":0}}