{"word":"-","data":[[177.888671875,244.19403076171875,0],[176.04296875,244.19403076171875,0],[173.93359375,244.40887451171875,0],[171.12109375,244.40887451171875,0],[168.396484375,244.40887451171875,0],[166.111328125,244.62371826171875,0],[163.73828125,244.83856201171875,0],[161.27734375,244.83856201171875,0],[159.16796875,244.83856201171875,0],[157.146484375,244.83856201171875,0],[155.388671875,244.62371826171875,0],[154.0703125,244.62371826171875,0],[153.19140625,244.62371826171875,0],[152.576171875,244.62371826171875,0],[152.224609375,244.62371826171875,0],[152.13671875,244.62371826171875,0],[152.13671875,244.62371826171875,0],[152.13671875,244.62371826171875,0],[152.13671875,244.62371826171875,0],[152.13671875,244.62371826171875,0],[152.13671875,244.62371826171875,0],[152.13671875,244.62371826171875,0],[152.13671875,244.62371826171875,1]],"info":{"wordIdx":435,"sampleIdx":1}}