{"word":":","data":[[157,161,0],[160.3984375,169.42840576171875,0],[160.3984375,170.07293701171875,0],[160.3984375,170.28778076171875,0],[160.3984375,170.28778076171875,0],[160.3984375,170.28778076171875,0],[160.3984375,170.28778076171875,0],[160.3984375,170.28778076171875,0],[160.3984375,170.28778076171875,0],[160.3984375,170.28778076171875,0],[160.3984375,170.28778076171875,0],[160.3984375,170.28778076171875,0],[160.57421875,170.28778076171875,0],[160.662109375,170.07293701171875,0],[160.75,170.07293701171875,0],[160.75,170.07293701171875,0],[160.75,170.07293701171875,0],[160.75,170.07293701171875,0],[160.75,170.07293701171875,0],[160.75,170.07293701171875,0],[160.75,170.07293701171875,0],[160.75,170.07293701171875,0],[160.75,170.07293701171875,0],[160.75,170.07293701171875,0],[160.75,170.07293701171875,0],[160.75,170.07293701171875,0],[160.75,170.07293701171875,0],[160.75,170.07293701171875,0],[160.75,170.07293701171875,0],[160.75,170.07293701171875,0],[160.75,170.07293701171875,0],[160.75,170.07293701171875,0],[160.75,170.07293701171875,0],[160.75,170.07293701171875,0],[160.75,170.07293701171875,0],[160.75,170.07293701171875,0],[160.75,170.07293701171875,0],[161.189453125,170.93231201171875,0],[161.453125,171.36199951171875,0],[161.453125,171.57684326171875,0],[161.453125,171.57684326171875,0],[161.453125,171.57684326171875,0],[161.453125,171.57684326171875,0],[161.453125,171.57684326171875,1],[162.419921875,239.03778076171875,0],[163.03515625,239.68231201171875,0],[163.298828125,239.89715576171875,0],[163.298828125,239.89715576171875,0],[163.298828125,239.89715576171875,0],[163.298828125,239.89715576171875,0],[163.298828125,239.89715576171875,0],[163.298828125,239.89715576171875,0],[163.298828125,239.89715576171875,0],[163.298828125,239.89715576171875,0],[163.298828125,239.89715576171875,0],[163.298828125,239.89715576171875,1]],"info":{"wordIdx":430,"sampleIdx":0}}