{"word":"-","data":[[184.919921875,217.76824951171875,0],[182.37109375,218.19793701171875,0],[179.646484375,218.41278076171875,0],[176.921875,218.84246826171875,0],[173.669921875,219.27215576171875,0],[170.59375,219.70184326171875,0],[167.78125,220.13153076171875,0],[165.583984375,220.34637451171875,0],[163.5625,220.56121826171875,0],[161.541015625,220.56121826171875,0],[160.046875,220.56121826171875,0],[158.728515625,220.34637451171875,0],[157.498046875,220.13153076171875,0],[156.443359375,220.13153076171875,0],[155.740234375,220.34637451171875,0],[155.388671875,220.56121826171875,1]],"info":{"wordIdx":435,"sampleIdx":2}}