{"word":";","data":[[187,162,1],[190.544921875,212.18231201171875,0],[190.369140625,216.47918701171875,0],[190.017578125,221.85028076171875,0],[189.490234375,227.43621826171875,0],[188.875,232.59246826171875,0],[188.259765625,238.82293701171875,0],[187.732421875,244.83856201171875,0],[187.29296875,251.49871826171875,0],[186.677734375,258.15887451171875,0],[186.326171875,264.17449951171875,0],[186.501953125,270.40496826171875,0],[186.765625,281.79168701171875,1]],"info":{"wordIdx":431,"sampleIdx":2}}