{"word":"-","data":[[174.109375,200.58074951171875,0],[172,200.36590576171875,0],[170.2421875,200.36590576171875,0],[168.30859375,200.36590576171875,0],[166.55078125,200.58074951171875,0],[164.6171875,200.58074951171875,0],[162.947265625,200.58074951171875,0],[160.92578125,200.79559326171875,0],[159.255859375,201.01043701171875,0],[157.849609375,201.22528076171875,0],[156.443359375,201.22528076171875,0],[155.30078125,201.44012451171875,0],[154.421875,201.44012451171875,0],[153.806640625,201.65496826171875,0],[153.3671875,201.65496826171875,0],[153.015625,201.65496826171875,0],[152.751953125,201.65496826171875,0],[152.48828125,201.65496826171875,0],[152.400390625,201.65496826171875,0],[152.3125,201.65496826171875,0],[152.224609375,201.65496826171875,0],[152.13671875,201.65496826171875,0],[152.13671875,201.65496826171875,0],[152.13671875,201.65496826171875,0],[152.13671875,201.65496826171875,0],[152.048828125,201.65496826171875,0],[151.345703125,201.65496826171875,1]],"info":{"wordIdx":435,"sampleIdx":0}}