{"word":"(","data":[[152.048828125,146.44012451171875,0],[150.115234375,148.80340576171875,0],[148.533203125,150.73699951171875,0],[147.0390625,153.10028076171875,0],[145.80859375,155.67840576171875,0],[144.75390625,158.47137451171875,0],[143.875,161.47918701171875,0],[143.34765625,164.48699951171875,0],[142.99609375,167.27996826171875,0],[142.8203125,170.28778076171875,0],[142.556640625,173.72528076171875,0],[142.380859375,177.16278076171875,0],[142.1171875,180.38543701171875,0],[141.94140625,184.03778076171875,0],[141.853515625,187.90496826171875,0],[141.853515625,191.98699951171875,0],[141.853515625,195.63934326171875,0],[141.94140625,198.86199951171875,0],[142.1171875,202.08465576171875,0],[142.556640625,205.30731201171875,0],[143.34765625,208.31512451171875,0],[144.138671875,211.32293701171875,0],[145.017578125,214.11590576171875,0],[145.80859375,216.69403076171875,0],[146.775390625,219.70184326171875,0],[147.7421875,222.49481201171875,0],[148.708984375,225.07293701171875,0],[149.67578125,227.65106201171875,0],[150.73046875,230.22918701171875,0],[151.521484375,232.16278076171875,0],[152.48828125,234.31121826171875,0],[153.54296875,236.02996826171875,0],[154.333984375,237.74871826171875,0],[155.212890625,239.25262451171875,0],[156.1796875,240.54168701171875,0],[156.970703125,241.61590576171875,0],[157.849609375,242.69012451171875,0],[158.640625,243.54949951171875,0],[159.34375,244.40887451171875,0],[160.134765625,245.26824951171875,0],[160.75,245.91278076171875,0],[161.716796875,246.98699951171875,0],[162.595703125,248.27606201171875,0],[163.650390625,249.56512451171875,0],[164.96875,251.28387451171875,0],[165.935546875,252.57293701171875,0],[166.638671875,253.43231201171875,0],[167.25390625,254.07684326171875,0],[167.4296875,254.29168701171875,0],[167.78125,254.72137451171875,0],[168.044921875,254.93621826171875,0],[168.484375,255.15106201171875,0],[168.66015625,255.36590576171875,0],[168.923828125,255.58074951171875,0],[169.099609375,255.58074951171875,0],[169.099609375,255.58074951171875,0],[171.033203125,256.22528076171875,1]],"info":{"wordIdx":433,"sampleIdx":1}}