{"word":"\"","data":[[141.150390625,65.01432800292969,0],[141.765625,70.60026550292969,0],[142.1171875,76.83073425292969,0],[142.46875,85.85417175292969,0],[143.083984375,102.18229675292969,1],[171.296875,57.70964050292969,0],[171.12109375,63.94010925292969,0],[171.208984375,71.02995300292969,0],[172.966796875,77.90495300292969,0],[176.130859375,90.36589050292969,1]],"info":{"wordIdx":432,"sampleIdx":1}}