{"word":"=","data":[[159.255859375,195.20965576171875,0],[162.595703125,194.99481201171875,0],[165.759765625,194.77996826171875,0],[168.923828125,194.13543701171875,0],[171.560546875,193.70574951171875,0],[174.548828125,193.27606201171875,0],[176.921875,193.06121826171875,0],[178.6796875,192.63153076171875,0],[179.734375,192.63153076171875,0],[180.701171875,192.41668701171875,0],[181.404296875,192.41668701171875,0],[181.66796875,192.41668701171875,0],[181.66796875,192.41668701171875,1],[160.046875,232.80731201171875,0],[163.03515625,233.23699951171875,0],[165.759765625,233.88153076171875,0],[168.30859375,234.52606201171875,0],[171.208984375,234.95574951171875,0],[173.58203125,235.60028076171875,0],[176.306640625,236.02996826171875,0],[178.416015625,236.24481201171875,0],[180.26171875,236.45965576171875,0],[182.107421875,236.67449951171875,0],[183.689453125,236.67449951171875,0],[185.095703125,236.67449951171875,0],[186.4140625,236.45965576171875,0],[187.64453125,236.02996826171875,0],[189.841796875,235.38543701171875,1]],"info":{"wordIdx":438,"sampleIdx":1}}