{"word":"\"","data":[[128.494140625,69.74089050292969,0],[129.63671875,74.25260925292969,0],[130.779296875,79.40885925292969,0],[132.2734375,85.85417175292969,0],[133.85546875,92.08464050292969,0],[135.0859375,97.02604675292969,0],[136.052734375,102.18229675292969,0],[136.66796875,108.62760925292969,0],[136.66796875,112.06510925292969,0],[136.66796875,118.29557800292969,1],[161.27734375,67.59245300292969,0],[162.68359375,72.53385925292969,0],[163.826171875,78.33464050292969,0],[164.79296875,84.56510925292969,0],[165.14453125,91.01042175292969,0],[165.84765625,95.52214050292969,0],[167.078125,103.68620300292969,1]],"info":{"wordIdx":432,"sampleIdx":0}}