{"word":";","data":[[160,166,1],[167.78125,213.47137451171875,0],[167.693359375,216.90887451171875,0],[167.693359375,221.20574951171875,0],[167.693359375,224.64324951171875,0],[167.78125,228.51043701171875,0],[167.95703125,231.73309326171875,0],[168.044921875,234.95574951171875,0],[168.1328125,238.17840576171875,0],[168.220703125,241.40106201171875,0],[168.220703125,243.76434326171875,0],[168.220703125,245.91278076171875,0],[168.220703125,247.63153076171875,0],[168.220703125,249.13543701171875,0],[168.220703125,250.42449951171875,0],[168.220703125,251.71356201171875,0],[168.30859375,252.78778076171875,0],[168.396484375,253.86199951171875,0],[168.572265625,254.50653076171875,0],[168.66015625,254.93621826171875,0],[168.66015625,254.93621826171875,0],[168.923828125,255.15106201171875,1]],"info":{"wordIdx":431,"sampleIdx":1}}