{"word":"/","data":[[173.58203125,160.40496826171875,0],[173.0546875,162.76824951171875,0],[172.263671875,165.77606201171875,0],[171.47265625,168.78387451171875,0],[170.2421875,172.86590576171875,0],[168.572265625,177.59246826171875,0],[166.638671875,182.31903076171875,0],[164.529296875,187.26043701171875,0],[162.068359375,193.27606201171875,0],[159.87109375,198.64715576171875,0],[157.234375,204.66278076171875,0],[154.7734375,210.46356201171875,0],[152.48828125,215.83465576171875,0],[150.37890625,220.77606201171875,0],[148.181640625,225.93231201171875,0],[146.423828125,230.65887451171875,0],[144.841796875,234.52606201171875,0],[143.259765625,238.39324951171875,0],[142.205078125,241.40106201171875,0],[141.326171875,243.76434326171875,0],[140.7109375,245.69793701171875,0],[140.095703125,247.20184326171875,0],[139.65625,248.27606201171875,0],[139.216796875,249.13543701171875,0],[138.865234375,249.99481201171875,0],[138.337890625,251.06903076171875,0],[137.8984375,252.35809326171875,0],[137.37109375,253.64715576171875,0],[136.84375,254.93621826171875,0],[136.404296875,256.01043701171875,0],[135.7890625,257.29949951171875,0],[135.4375,258.15887451171875,0],[134.91015625,259.23309326171875,0],[134.470703125,260.09246826171875,0],[134.03125,260.95184326171875,0],[133.6796875,261.81121826171875,0],[133.240234375,262.67059326171875,0],[132.80078125,263.52996826171875,0],[132.44921875,264.38934326171875,0],[132.009765625,265.24871826171875,0],[131.658203125,266.10809326171875,0],[131.306640625,266.96746826171875,0],[131.130859375,267.61199951171875,0],[130.8671875,268.47137451171875,0],[130.69140625,269.11590576171875,0],[130.515625,269.97528076171875,0],[130.33984375,270.61981201171875,0],[130.1640625,271.04949951171875,0],[129.98828125,272.12371826171875,0],[129.900390625,272.76824951171875,0],[129.900390625,273.41278076171875,0],[129.8125,274.05731201171875,0],[129.8125,274.48699951171875,0],[129.8125,275.13153076171875,0],[129.8125,275.13153076171875,0],[129.8125,275.13153076171875,0],[129.8125,275.13153076171875,0],[129.8125,275.34637451171875,0],[129.8125,275.34637451171875,0],[129.8125,275.34637451171875,0],[129.8125,275.34637451171875,0],[129.8125,275.34637451171875,0],[129.8125,275.34637451171875,0],[129.8125,275.34637451171875,0],[129.8125,275.34637451171875,0],[129.8125,275.34637451171875,0],[129.8125,275.34637451171875,1]],"info":{"wordIdx":436,"sampleIdx":0}}