{"word":")","data":[[150.642578125,135.6979217529297,0],[152.13671875,135.6979217529297,0],[153.71875,136.1276092529297,0],[155.388671875,136.5572967529297,0],[156.8828125,137.20184326171875,0],[158.376953125,138.06121826171875,0],[159.958984375,138.92059326171875,0],[161.453125,140.20965576171875,0],[162.859375,141.28387451171875,0],[164.353515625,143.00262451171875,0],[166.19921875,145.79559326171875,0],[167.95703125,149.01824951171875,0],[169.36328125,152.45574951171875,0],[170.76953125,157.61199951171875,0],[171.736328125,162.33856201171875,0],[172.3515625,167.06512451171875,0],[172.87890625,171.57684326171875,0],[173.142578125,175.65887451171875,0],[172.87890625,179.95574951171875,0],[172.52734375,184.03778076171875,0],[171.912109375,187.04559326171875,0],[171.208984375,189.62371826171875,0],[170.330078125,191.98699951171875,0],[169.099609375,193.92059326171875,0],[167.95703125,195.42449951171875,0],[166.55078125,197.14324951171875,0],[164.96875,198.43231201171875,0],[163.474609375,199.93621826171875,0],[161.541015625,201.22528076171875,0],[159.783203125,202.72918701171875,0],[157.849609375,204.01824951171875,0],[155.65234375,205.73699951171875,0],[153.71875,206.81121826171875,0],[152.224609375,207.67059326171875,0],[151.08203125,208.10028076171875,0],[150.466796875,208.10028076171875,1]],"info":{"wordIdx":434,"sampleIdx":1}}