{"word":"\"","data":[[176.130859375,102.61198425292969,0],[176.21875,105.83464050292969,0],[176.5703125,109.27214050292969,0],[176.921875,112.70964050292969,0],[177.2734375,115.71745300292969,0],[177.2734375,118.51042175292969,0],[177.2734375,119.79948425292969,0],[177.2734375,122.16276550292969,1],[203.2890625,106.90885925292969,0],[204.080078125,109.91667175292969,0],[205.046875,113.56901550292969,0],[206.453125,118.94010925292969,0],[207.5078125,124.52604675292969,0],[208.298828125,129.8971405029297,0],[209.705078125,139.56512451171875,1]],"info":{"wordIdx":432,"sampleIdx":2}}