{"word":")","data":[[153.015625,123.88151550292969,0],[155.212890625,124.95573425292969,0],[157.498046875,126.24479675292969,0],[159.51953125,127.74870300292969,0],[161.27734375,129.4674530029297,0],[163.2109375,131.6158905029297,0],[165.49609375,134.6237030029297,0],[167.60546875,138.06121826171875,0],[169.1875,141.92840576171875,0],[170.681640625,146.01043701171875,0],[172.17578125,151.38153076171875,0],[173.142578125,156.96746826171875,0],[173.7578125,162.55340576171875,0],[174.021484375,166.85028076171875,0],[174.197265625,171.36199951171875,0],[174.021484375,176.08856201171875,0],[173.669921875,180.17059326171875,0],[173.23046875,183.39324951171875,0],[172.791015625,186.83074951171875,0],[172.263671875,189.19403076171875,0],[171.736328125,191.98699951171875,0],[171.033203125,194.77996826171875,0],[170.2421875,197.57293701171875,0],[169.36328125,200.15106201171875,0],[168.572265625,202.29949951171875,0],[167.693359375,204.01824951171875,0],[166.814453125,205.30731201171875,0],[165.84765625,206.81121826171875,0],[164.96875,207.88543701171875,0],[164.177734375,208.74481201171875,0],[163.38671875,209.60418701171875,0],[162.419921875,210.46356201171875,0],[161.541015625,211.53778076171875,0],[160.92578125,212.18231201171875,0],[160.486328125,212.61199951171875,0],[159.87109375,213.25653076171875,0],[159.431640625,213.47137451171875,0],[159.255859375,213.68621826171875,0],[158.81640625,213.90106201171875,0],[158.640625,214.11590576171875,0],[157.76171875,214.76043701171875,0],[156.1796875,216.04949951171875,1]],"info":{"wordIdx":434,"sampleIdx":0}}