{"word":":","data":[[161,159,1],[158.552734375,203.58856201171875,0],[158.552734375,203.80340576171875,0],[158.552734375,203.80340576171875,0],[158.552734375,203.80340576171875,0],[158.552734375,203.80340576171875,0],[158.552734375,203.80340576171875,0],[158.552734375,203.80340576171875,0],[158.552734375,203.80340576171875,0],[158.552734375,203.80340576171875,0],[158.552734375,203.80340576171875,0],[158.552734375,203.80340576171875,0],[158.552734375,203.80340576171875,0],[158.552734375,203.80340576171875,0],[158.552734375,203.80340576171875,0],[158.552734375,203.80340576171875,0],[158.552734375,203.80340576171875,0],[158.552734375,203.80340576171875,1]],"info":{"wordIdx":430,"sampleIdx":2}}