{"word":"(","data":[[145.45703125,131.6158905029297,0],[144.314453125,134.8385467529297,0],[143.69921875,137.84637451171875,0],[143.34765625,141.28387451171875,0],[143.259765625,144.93621826171875,0],[143.259765625,149.44793701171875,0],[143.5234375,154.17449951171875,0],[143.962890625,159.76043701171875,0],[144.666015625,165.13153076171875,0],[145.193359375,170.07293701171875,0],[145.6328125,174.58465576171875,0],[146.3359375,179.09637451171875,0],[146.951171875,183.39324951171875,0],[147.7421875,186.83074951171875,0],[148.708984375,190.26824951171875,0],[149.763671875,193.27606201171875,0],[151.345703125,196.49871826171875,0],[153.103515625,199.50653076171875,0],[155.037109375,202.72918701171875,0],[157.41015625,206.16668701171875,0],[158.9921875,208.31512451171875,0],[160.837890625,211.32293701171875,0],[162.244140625,213.47137451171875,0],[163.38671875,215.19012451171875,0],[164.177734375,216.47918701171875,0],[164.705078125,217.12371826171875,0],[164.880859375,217.33856201171875,0],[167.78125,218.84246826171875,0],[172.966796875,221.63543701171875,1]],"info":{"wordIdx":433,"sampleIdx":0}}