{"word":"Co","data":[[131.306640625,149.66278076171875,0],[128.845703125,151.81121826171875,0],[126.296875,154.60418701171875,0],[124.099609375,156.96746826171875,0],[121.990234375,159.76043701171875,0],[120.3203125,162.55340576171875,0],[119.001953125,165.56121826171875,0],[118.123046875,168.78387451171875,0],[117.595703125,172.00653076171875,0],[117.5078125,175.22918701171875,0],[117.771484375,178.23699951171875,0],[118.38671875,181.24481201171875,0],[119.44140625,184.46746826171875,0],[120.935546875,187.47528076171875,0],[122.4296875,190.05340576171875,0],[124.099609375,192.20184326171875,0],[125.9453125,194.35028076171875,0],[127.791015625,196.06903076171875,0],[130.33984375,198.21746826171875,0],[132.361328125,199.29168701171875,0],[134.55859375,200.15106201171875,0],[136.580078125,200.58074951171875,0],[137.986328125,200.58074951171875,0],[138.865234375,200.36590576171875,0],[138.953125,200.36590576171875,0],[139.919921875,199.07684326171875,0],[141.58984375,196.92840576171875,1],[171.47265625,200.15106201171875,0],[170.681640625,197.57293701171875,0],[169.890625,195.42449951171875,0],[169.099609375,194.13543701171875,0],[168.1328125,193.06121826171875,0],[166.375,191.55731201171875,0],[164.529296875,190.26824951171875,0],[162.595703125,189.40887451171875,0],[160.92578125,188.97918701171875,0],[159.51953125,188.76434326171875,0],[158.46484375,188.97918701171875,0],[157.5859375,189.19403076171875,0],[156.794921875,189.62371826171875,0],[156.443359375,190.05340576171875,0],[155.828125,191.12762451171875,0],[155.388671875,192.63153076171875,0],[155.212890625,194.35028076171875,0],[155.4765625,196.28387451171875,0],[156.1796875,198.00262451171875,0],[156.8828125,199.50653076171875,0],[157.849609375,201.01043701171875,0],[158.728515625,201.86981201171875,0],[159.34375,202.72918701171875,0],[160.046875,203.37371826171875,0],[161.62890625,204.23309326171875,0],[164.44140625,205.95184326171875,1]],"info":{"wordIdx":465,"sampleIdx":2}}