{"word":"Co","data":[[121.0234375,121.73307800292969,0],[118.5625,127.10417175292969,0],[116.716796875,133.3346405029297,0],[115.837890625,140.42449951171875,0],[115.57421875,147.29949951171875,0],[115.75,155.67840576171875,0],[116.453125,163.19793701171875,0],[117.33203125,171.14715576171875,0],[118.650390625,178.02215576171875,0],[120.056640625,183.82293701171875,0],[122.078125,188.97918701171875,0],[123.923828125,192.41668701171875,0],[125.505859375,194.56512451171875,0],[126.736328125,195.63934326171875,0],[128.494140625,196.71356201171875,0],[131.04296875,196.71356201171875,0],[135.61328125,196.71356201171875,1],[171.296875,189.19403076171875,0],[170.76953125,187.26043701171875,0],[169.978515625,185.54168701171875,0],[169.01171875,184.03778076171875,0],[168.30859375,183.17840576171875,0],[166.814453125,182.10418701171875,0],[164.880859375,180.81512451171875,0],[163.474609375,180.38543701171875,0],[161.892578125,180.17059326171875,0],[160.662109375,180.38543701171875,0],[159.431640625,180.81512451171875,0],[158.376953125,181.67449951171875,0],[157.5859375,182.31903076171875,0],[156.619140625,183.82293701171875,0],[155.828125,185.97137451171875,0],[155.564453125,188.11981201171875,0],[155.740234375,190.26824951171875,0],[156.443359375,192.84637451171875,0],[157.498046875,194.99481201171875,0],[158.640625,196.92840576171875,0],[160.046875,198.86199951171875,0],[161.541015625,200.58074951171875,0],[163.123046875,201.86981201171875,0],[164.529296875,202.72918701171875,0],[165.84765625,203.15887451171875,0],[168.220703125,204.01824951171875,1]],"info":{"wordIdx":465,"sampleIdx":1}}