{"word":"Jak","data":[[115.662109375,160.61981201171875,0],[117.068359375,165.99090576171875,0],[117.859375,172.00653076171875,0],[118.298828125,178.88153076171875,0],[118.5625,184.89715576171875,0],[118.38671875,190.91278076171875,0],[117.771484375,196.49871826171875,0],[116.716796875,201.22528076171875,0],[115.3984375,205.09246826171875,0],[113.9921875,208.10028076171875,0],[112.322265625,210.89324951171875,0],[111.267578125,212.18231201171875,0],[108.103515625,214.54559326171875,0],[104.939453125,215.83465576171875,0],[101.775390625,216.47918701171875,0],[97.8203125,216.04949951171875,0],[93.6015625,214.54559326171875,0],[85.955078125,211.96746826171875,1],[126.6484375,200.58074951171875,0],[125.154296875,200.58074951171875,0],[124.5390625,200.79559326171875,0],[124.01171875,201.01043701171875,0],[123.484375,201.44012451171875,0],[122.869140625,202.51434326171875,0],[122.341796875,204.23309326171875,0],[122.25390625,205.52215576171875,0],[122.4296875,206.38153076171875,0],[122.869140625,207.24090576171875,0],[123.396484375,207.88543701171875,0],[124.275390625,208.52996826171875,0],[126.033203125,208.74481201171875,0],[128.142578125,208.52996826171875,0],[129.900390625,207.45574951171875,0],[131.482421875,206.16668701171875,0],[133.6796875,203.15887451171875,0],[135.26171875,199.50653076171875,0],[135.876953125,196.71356201171875,0],[135.96484375,194.35028076171875,0],[135.61328125,191.98699951171875,0],[134.646484375,189.19403076171875,0],[133.15234375,187.26043701171875,0],[130.427734375,183.82293701171875,1],[149.587890625,179.52606201171875,0],[150.203125,186.61590576171875,0],[150.642578125,192.63153076171875,0],[150.90625,199.07684326171875,0],[150.90625,203.58856201171875,0],[150.73046875,206.59637451171875,0],[150.5546875,208.10028076171875,0],[150.5546875,208.74481201171875,0],[150.5546875,210.03387451171875,1],[156.267578125,200.15106201171875,0],[157.05859375,199.29168701171875,0],[158.552734375,197.35809326171875,0],[159.87109375,194.99481201171875,0],[162.244140625,190.91278076171875,1],[156.794921875,202.94403076171875,0],[158.552734375,205.09246826171875,0],[160.310546875,207.02606201171875,0],[161.716796875,208.52996826171875,0],[163.123046875,209.81903076171875,0],[164.44140625,210.89324951171875,0],[166.462890625,211.96746826171875,0],[170.06640625,213.90106201171875,1]],"info":{"wordIdx":466,"sampleIdx":2}}