{"word":"Co","data":[[103.09375,132.4752655029297,0],[100.369140625,138.27606201171875,0],[97.908203125,145.36590576171875,0],[96.23828125,153.10028076171875,0],[95.53515625,159.76043701171875,0],[95.0078125,166.63543701171875,0],[94.919921875,173.08074951171875,0],[95.271484375,178.66668701171875,0],[95.974609375,183.39324951171875,0],[96.765625,186.83074951171875,0],[98.083984375,190.48309326171875,0],[99.666015625,193.27606201171875,0],[101.072265625,194.77996826171875,0],[103.357421875,196.92840576171875,0],[107.400390625,199.50653076171875,0],[114.607421875,204.23309326171875,1],[144.578125,199.07684326171875,0],[146.16015625,196.71356201171875,0],[146.951171875,194.77996826171875,0],[147.390625,193.06121826171875,0],[147.390625,191.77215576171875,0],[147.0390625,190.69793701171875,0],[146.599609375,190.05340576171875,0],[145.984375,189.40887451171875,0],[145.10546875,188.97918701171875,0],[143.611328125,188.54949951171875,0],[141.23828125,189.19403076171875,0],[139.392578125,190.26824951171875,0],[137.810546875,191.77215576171875,0],[135.4375,194.56512451171875,0],[134.03125,196.71356201171875,0],[132.9765625,198.86199951171875,0],[132.44921875,200.58074951171875,0],[132.2734375,202.08465576171875,0],[132.537109375,203.58856201171875,0],[132.888671875,204.66278076171875,0],[133.50390625,205.30731201171875,0],[134.294921875,206.16668701171875,0],[135.7890625,207.02606201171875,0],[137.1953125,207.67059326171875,0],[138.337890625,207.88543701171875,0],[139.392578125,208.10028076171875,0],[141.150390625,207.67059326171875,0],[144.314453125,207.02606201171875,1]],"info":{"wordIdx":465,"sampleIdx":0}}