{"word":"4","data":[[134.734375,147.51434326171875,0],[134.20703125,152.88543701171875,0],[133.591796875,158.68621826171875,0],[132.537109375,164.48699951171875,0],[131.482421875,171.14715576171875,0],[130.69140625,176.51824951171875,0],[129.724609375,181.88934326171875,0],[128.845703125,186.40106201171875,0],[128.318359375,189.19403076171875,0],[127.87890625,191.55731201171875,0],[127.615234375,192.63153076171875,0],[127.439453125,193.70574951171875,0],[127.3515625,194.35028076171875,0],[127.3515625,194.99481201171875,0],[127.3515625,194.99481201171875,0],[127.3515625,194.99481201171875,0],[127.3515625,194.99481201171875,0],[127.3515625,194.99481201171875,0],[127.3515625,194.99481201171875,0],[127.615234375,194.99481201171875,0],[128.7578125,194.77996826171875,0],[131.306640625,194.35028076171875,0],[134.294921875,193.27606201171875,0],[137.8984375,192.41668701171875,0],[141.58984375,191.34246826171875,0],[145.193359375,190.69793701171875,0],[148.181640625,190.26824951171875,0],[150.818359375,190.26824951171875,0],[152.83984375,190.26824951171875,0],[154.158203125,190.26824951171875,0],[155.037109375,190.05340576171875,0],[155.564453125,190.05340576171875,0],[156.443359375,190.05340576171875,1],[139.65625,191.34246826171875,0],[140.095703125,196.06903076171875,0],[140.271484375,201.01043701171875,0],[140.271484375,205.09246826171875,0],[140.18359375,208.10028076171875,0],[140.0078125,211.32293701171875,0],[139.65625,214.33074951171875,0],[138.865234375,216.90887451171875,0],[137.37109375,221.63543701171875,1]],"info":{"wordIdx":494,"sampleIdx":0}}