{"word":"1","data":[[131.21875,168.99871826171875,0],[133.240234375,164.27215576171875,0],[134.822265625,159.76043701171875,0],[136.31640625,155.67840576171875,0],[137.37109375,152.45574951171875,0],[138.513671875,149.44793701171875,0],[139.392578125,147.51434326171875,0],[139.919921875,146.22528076171875,0],[140.359375,145.36590576171875,0],[140.798828125,144.72137451171875,0],[140.974609375,144.29168701171875,0],[140.974609375,144.29168701171875,0],[140.974609375,144.29168701171875,0],[140.974609375,144.29168701171875,0],[140.974609375,144.29168701171875,0],[140.974609375,144.29168701171875,0],[140.974609375,144.29168701171875,0],[140.974609375,144.29168701171875,0],[140.974609375,144.29168701171875,0],[140.974609375,144.29168701171875,0],[141.0625,144.50653076171875,0],[141.326171875,145.15106201171875,0],[141.58984375,145.79559326171875,0],[141.94140625,146.65496826171875,0],[142.205078125,147.72918701171875,0],[142.46875,149.01824951171875,0],[142.908203125,150.52215576171875,0],[143.5234375,152.67059326171875,0],[144.138671875,155.03387451171875,0],[145.017578125,157.82684326171875,0],[145.720703125,160.40496826171875,0],[146.599609375,163.41278076171875,0],[147.390625,166.85028076171875,0],[148.26953125,170.93231201171875,0],[148.97265625,175.22918701171875,0],[149.587890625,179.95574951171875,0],[150.203125,184.89715576171875,0],[150.642578125,189.83856201171875,0],[150.90625,194.77996826171875,0],[150.90625,198.86199951171875,0],[150.90625,202.29949951171875,0],[150.818359375,205.73699951171875,0],[150.90625,208.74481201171875,0],[150.90625,212.18231201171875,0],[150.90625,215.40496826171875,0],[150.994140625,218.19793701171875,0],[151.08203125,220.77606201171875,0],[151.169921875,222.49481201171875,0],[151.2578125,224.21356201171875,0],[151.2578125,225.07293701171875,0],[151.2578125,225.28778076171875,0],[151.2578125,225.28778076171875,0],[151.2578125,225.28778076171875,0],[151.2578125,225.28778076171875,0],[151.2578125,225.28778076171875,0],[151.2578125,225.28778076171875,0],[151.2578125,225.28778076171875,1]],"info":{"wordIdx":491,"sampleIdx":0}}