{"word":"4","data":[[126.296875,130.7565155029297,0],[126.384765625,136.7721405029297,0],[126.208984375,144.29168701171875,0],[126.033203125,151.81121826171875,0],[125.681640625,159.76043701171875,0],[125.06640625,166.85028076171875,0],[124.5390625,173.08074951171875,0],[124.01171875,178.23699951171875,0],[123.484375,182.53387451171875,0],[123.1328125,185.75653076171875,0],[122.95703125,187.47528076171875,0],[122.869140625,188.76434326171875,0],[122.78125,190.05340576171875,0],[122.78125,191.12762451171875,0],[122.869140625,191.98699951171875,0],[122.869140625,192.41668701171875,0],[122.95703125,192.63153076171875,0],[122.95703125,192.63153076171875,0],[123.572265625,193.06121826171875,0],[124.802734375,193.27606201171875,0],[126.912109375,193.70574951171875,0],[129.98828125,194.13543701171875,0],[133.6796875,194.13543701171875,0],[136.84375,193.92059326171875,0],[139.744140625,193.70574951171875,0],[143.34765625,193.27606201171875,0],[146.423828125,193.06121826171875,0],[148.884765625,192.63153076171875,0],[150.818359375,192.41668701171875,0],[152.048828125,191.98699951171875,0],[152.751953125,191.34246826171875,0],[153.89453125,190.05340576171875,0],[155.916015625,187.90496826171875,1],[136.31640625,188.33465576171875,0],[136.84375,193.06121826171875,0],[137.01953125,197.35809326171875,0],[137.1953125,201.65496826171875,0],[137.283203125,205.09246826171875,0],[137.1953125,208.52996826171875,0],[136.84375,212.18231201171875,0],[136.4921875,215.40496826171875,0],[136.052734375,217.12371826171875,0],[135.26171875,220.34637451171875,1]],"info":{"wordIdx":494,"sampleIdx":1}}