{"word":"3","data":[[132.712890625,133.9791717529297,0],[136.228515625,133.9791717529297,0],[139.568359375,133.9791717529297,0],[142.46875,134.4088592529297,0],[144.578125,135.0533905029297,0],[145.80859375,135.2682342529297,0],[146.599609375,135.6979217529297,0],[147.126953125,136.3424530029297,0],[147.7421875,137.41668701171875,0],[148.09375,141.49871826171875,0],[146.951171875,146.01043701171875,0],[144.578125,151.81121826171875,0],[141.94140625,156.96746826171875,0],[139.3046875,161.69403076171875,0],[136.84375,165.77606201171875,0],[134.998046875,169.21356201171875,0],[133.85546875,171.36199951171875,0],[133.064453125,172.86590576171875,0],[132.712890625,173.94012451171875,0],[132.537109375,174.36981201171875,0],[132.537109375,174.58465576171875,0],[132.537109375,174.58465576171875,0],[134.03125,175.01434326171875,0],[137.01953125,175.22918701171875,0],[141.150390625,175.01434326171875,0],[144.75390625,174.58465576171875,0],[148.005859375,174.58465576171875,0],[150.642578125,174.79949951171875,0],[152.400390625,175.22918701171875,0],[153.54296875,175.44403076171875,0],[153.630859375,175.65887451171875,0],[153.630859375,175.65887451171875,0],[153.806640625,176.30340576171875,0],[153.455078125,177.80731201171875,0],[152.224609375,179.09637451171875,0],[148.533203125,181.45965576171875,0],[145.28125,183.17840576171875,0],[142.46875,184.68231201171875,0],[140.0078125,186.18621826171875,0],[135.525390625,188.97918701171875,1]],"info":{"wordIdx":493,"sampleIdx":1}}