{"word":"2","data":[[144.138671875,155.89324951171875,0],[146.072265625,154.38934326171875,0],[148.005859375,152.67059326171875,0],[149.763671875,151.16668701171875,0],[151.873046875,149.44793701171875,0],[153.630859375,148.15887451171875,0],[155.30078125,147.08465576171875,0],[156.619140625,146.44012451171875,0],[158.11328125,145.79559326171875,0],[159.51953125,145.58074951171875,0],[160.75,145.36590576171875,0],[162.068359375,145.79559326171875,0],[163.38671875,146.65496826171875,0],[165.14453125,148.58856201171875,0],[167.95703125,153.31512451171875,0],[169.890625,158.47137451171875,0],[170.9453125,163.41278076171875,0],[171.47265625,168.56903076171875,0],[171.296875,174.15496826171875,0],[170.505859375,179.31121826171875,0],[168.923828125,184.89715576171875,0],[166.90234375,189.40887451171875,0],[164.44140625,194.99481201171875,0],[162.068359375,200.15106201171875,0],[159.51953125,205.30731201171875,0],[156.794921875,209.81903076171875,0],[153.89453125,214.33074951171875,0],[151.2578125,218.62762451171875,0],[149.060546875,222.27996826171875,0],[147.0390625,225.50262451171875,0],[145.6328125,228.08074951171875,0],[144.578125,230.22918701171875,0],[144.05078125,231.51824951171875,0],[143.875,232.59246826171875,0],[143.875,233.66668701171875,0],[143.875,234.31121826171875,0],[144.05078125,234.74090576171875,0],[144.05078125,234.74090576171875,0],[144.40234375,235.17059326171875,0],[144.490234375,235.17059326171875,0],[145.28125,236.02996826171875,0],[145.896484375,236.45965576171875,0],[146.51171875,236.88934326171875,0],[147.126953125,237.31903076171875,0],[148.005859375,237.96356201171875,0],[148.62109375,238.39324951171875,0],[149.5,239.03778076171875,0],[150.73046875,240.11199951171875,0],[152.048828125,240.75653076171875,0],[153.630859375,241.83074951171875,0],[155.65234375,242.69012451171875,0],[157.76171875,243.54949951171875,0],[159.6953125,243.97918701171875,0],[161.8046875,244.62371826171875,0],[164.001953125,244.83856201171875,0],[165.759765625,244.83856201171875,0],[167.25390625,244.83856201171875,0],[167.95703125,244.83856201171875,0],[168.572265625,244.83856201171875,0],[169.099609375,244.83856201171875,1]],"info":{"wordIdx":492,"sampleIdx":2}}