{"word":"2","data":[[126.912109375,165.34637451171875,0],[128.40625,163.19793701171875,0],[129.900390625,161.26434326171875,0],[131.04296875,159.97528076171875,0],[132.9765625,158.04168701171875,0],[134.91015625,156.53778076171875,0],[137.107421875,154.81903076171875,0],[139.041015625,153.52996826171875,0],[141.501953125,152.24090576171875,0],[143.5234375,151.38153076171875,0],[145.369140625,150.73699951171875,0],[147.0390625,150.73699951171875,0],[148.708984375,150.95184326171875,0],[150.115234375,151.59637451171875,0],[151.521484375,152.88543701171875,0],[154.59765625,157.39715576171875,0],[156.443359375,162.55340576171875,0],[157.234375,167.70965576171875,0],[157.5859375,172.43621826171875,0],[157.498046875,177.59246826171875,0],[156.970703125,182.53387451171875,0],[156.00390625,187.69012451171875,0],[154.59765625,193.06121826171875,0],[152.576171875,198.86199951171875,0],[150.02734375,204.66278076171875,0],[147.390625,210.03387451171875,0],[144.578125,215.83465576171875,0],[142.1171875,220.99090576171875,0],[140.0078125,225.28778076171875,0],[138.25,228.94012451171875,0],[136.84375,231.94793701171875,0],[135.525390625,234.09637451171875,0],[134.470703125,236.02996826171875,0],[133.943359375,237.31903076171875,0],[133.591796875,237.96356201171875,0],[133.50390625,238.17840576171875,0],[133.50390625,238.17840576171875,0],[133.50390625,238.17840576171875,0],[133.50390625,238.17840576171875,0],[133.50390625,238.17840576171875,0],[133.50390625,238.17840576171875,0],[133.50390625,238.17840576171875,0],[133.50390625,238.17840576171875,0],[133.591796875,238.39324951171875,0],[133.767578125,238.60809326171875,0],[134.03125,239.03778076171875,0],[134.294921875,239.46746826171875,0],[135.7890625,240.54168701171875,0],[137.458984375,241.40106201171875,0],[139.392578125,242.04559326171875,0],[141.58984375,242.47528076171875,0],[144.05078125,242.47528076171875,0],[146.775390625,242.04559326171875,0],[148.97265625,241.61590576171875,0],[150.994140625,240.97137451171875,0],[152.576171875,240.75653076171875,0],[153.71875,240.32684326171875,0],[154.685546875,240.32684326171875,0],[154.7734375,240.32684326171875,1]],"info":{"wordIdx":492,"sampleIdx":0}}