{"word":"3","data":[[134.646484375,170.28778076171875,0],[138.337890625,167.27996826171875,0],[141.765625,164.70184326171875,0],[145.193359375,162.55340576171875,0],[148.005859375,161.04949951171875,0],[150.466796875,160.19012451171875,0],[152.3125,159.76043701171875,0],[154.24609375,159.54559326171875,0],[155.30078125,159.76043701171875,0],[156.267578125,159.97528076171875,0],[157.05859375,160.40496826171875,0],[157.673828125,161.04949951171875,0],[158.46484375,162.55340576171875,0],[159.431640625,165.99090576171875,0],[159.6953125,169.42840576171875,0],[159.34375,172.86590576171875,0],[158.552734375,176.08856201171875,0],[157.234375,179.95574951171875,0],[155.564453125,183.82293701171875,0],[154.0703125,186.83074951171875,0],[152.400390625,189.83856201171875,0],[151.169921875,191.77215576171875,0],[149.8515625,193.70574951171875,0],[148.97265625,194.99481201171875,0],[148.4453125,195.85418701171875,0],[148.181640625,196.06903076171875,0],[148.181640625,196.06903076171875,0],[148.181640625,196.06903076171875,0],[148.181640625,196.06903076171875,0],[148.181640625,196.06903076171875,0],[148.181640625,196.06903076171875,0],[149.236328125,196.06903076171875,0],[151.08203125,196.06903076171875,0],[152.751953125,196.06903076171875,0],[154.333984375,196.49871826171875,0],[155.828125,196.92840576171875,0],[157.05859375,197.57293701171875,0],[157.849609375,198.43231201171875,0],[159.16796875,199.93621826171875,0],[160.134765625,201.86981201171875,0],[160.486328125,204.23309326171875,0],[160.310546875,206.16668701171875,0],[159.431640625,208.74481201171875,0],[157.9375,211.53778076171875,0],[156.35546875,213.68621826171875,0],[154.509765625,215.83465576171875,0],[152.48828125,217.76824951171875,0],[150.291015625,219.70184326171875,0],[148.09375,221.20574951171875,0],[145.720703125,222.49481201171875,0],[144.2265625,222.92449951171875,0],[142.380859375,223.13934326171875,0],[139.041015625,223.56903076171875,1]],"info":{"wordIdx":493,"sampleIdx":0}}