{"word":"7","data":[[131.74609375,161.47918701171875,0],[136.140625,161.47918701171875,0],[140.798828125,161.69403076171875,0],[145.017578125,162.12371826171875,0],[150.02734375,162.98309326171875,0],[154.685546875,164.27215576171875,0],[159.255859375,164.91668701171875,0],[163.2109375,165.77606201171875,0],[166.19921875,166.20574951171875,0],[168.044921875,166.63543701171875,0],[169.1875,166.63543701171875,0],[170.154296875,166.85028076171875,0],[170.681640625,166.85028076171875,0],[170.76953125,166.85028076171875,0],[170.76953125,166.85028076171875,0],[170.76953125,166.85028076171875,0],[170.76953125,166.85028076171875,0],[170.76953125,166.85028076171875,0],[170.76953125,166.85028076171875,0],[170.76953125,166.85028076171875,0],[170.76953125,166.85028076171875,0],[170.59375,167.49481201171875,0],[170.330078125,169.42840576171875,0],[169.802734375,172.22137451171875,0],[169.1875,175.65887451171875,0],[168.484375,179.74090576171875,0],[167.341796875,183.82293701171875,0],[165.671875,188.54949951171875,0],[163.650390625,194.35028076171875,0],[161.716796875,200.36590576171875,0],[159.51953125,207.02606201171875,0],[156.443359375,214.54559326171875,0],[153.630859375,220.56121826171875,0],[150.73046875,227.22137451171875,0],[147.91796875,233.23699951171875,0],[145.369140625,237.74871826171875,0],[143.259765625,242.04559326171875,0],[141.501953125,245.05340576171875,0],[140.447265625,246.98699951171875,0],[139.83203125,248.27606201171875,0],[139.65625,248.92059326171875,0],[139.48046875,249.35028076171875,0],[139.392578125,249.56512451171875,0],[139.392578125,249.77996826171875,0],[139.3046875,249.99481201171875,0],[139.3046875,249.99481201171875,0],[139.3046875,249.99481201171875,0],[139.3046875,249.99481201171875,0],[139.3046875,249.99481201171875,0],[139.3046875,249.99481201171875,0],[139.3046875,249.99481201171875,0],[139.3046875,249.99481201171875,1],[164.529296875,210.46356201171875,0],[159.6953125,210.46356201171875,0],[155.037109375,210.67840576171875,0],[150.818359375,210.67840576171875,0],[148.181640625,210.89324951171875,0],[143.435546875,211.32293701171875,1]],"info":{"wordIdx":497,"sampleIdx":0}}