{"word":"9","data":[[153.71875,151.59637451171875,0],[149.67578125,151.59637451171875,0],[146.423828125,151.81121826171875,0],[143.787109375,152.45574951171875,0],[141.326171875,153.10028076171875,0],[139.83203125,153.95965576171875,0],[139.041015625,154.60418701171875,0],[136.931640625,157.39715576171875,0],[135.525390625,161.69403076171875,0],[135.26171875,165.99090576171875,0],[135.701171875,170.93231201171875,0],[136.66796875,175.22918701171875,0],[137.8984375,179.09637451171875,0],[139.392578125,182.53387451171875,0],[140.88671875,184.89715576171875,0],[142.29296875,186.61590576171875,0],[143.962890625,188.33465576171875,0],[146.6875,190.05340576171875,0],[148.62109375,190.91278076171875,0],[150.818359375,190.91278076171875,0],[152.6640625,190.26824951171875,0],[154.333984375,188.97918701171875,0],[156.70703125,185.11199951171875,0],[158.552734375,179.95574951171875,0],[159.51953125,175.44403076171875,0],[160.486328125,170.93231201171875,0],[161.1015625,166.20574951171875,0],[161.453125,161.90887451171875,0],[161.716796875,158.25653076171875,0],[161.8046875,154.81903076171875,0],[161.892578125,152.45574951171875,0],[161.892578125,150.52215576171875,0],[161.892578125,149.44793701171875,0],[161.892578125,149.23309326171875,0],[161.892578125,149.23309326171875,0],[161.892578125,149.23309326171875,0],[161.892578125,149.23309326171875,0],[161.892578125,149.23309326171875,0],[161.892578125,149.23309326171875,0],[162.068359375,153.31512451171875,0],[162.419921875,158.47137451171875,0],[162.859375,163.84246826171875,0],[163.38671875,170.07293701171875,0],[163.73828125,176.73309326171875,0],[164.177734375,183.17840576171875,0],[164.177734375,189.40887451171875,0],[164.353515625,195.42449951171875,0],[164.529296875,201.01043701171875,0],[164.705078125,205.95184326171875,0],[164.880859375,210.67840576171875,0],[165.232421875,214.33074951171875,0],[165.583984375,217.98309326171875,0],[165.935546875,221.20574951171875,0],[166.287109375,224.42840576171875,0],[166.814453125,227.65106201171875,0],[167.4296875,231.30340576171875,0],[167.869140625,235.81512451171875,0],[168.396484375,239.25262451171875,0],[169.275390625,245.48309326171875,1]],"info":{"wordIdx":499,"sampleIdx":1}}