{"word":"4","data":[[132.009765625,132.6901092529297,0],[132.09765625,136.9869842529297,0],[132.09765625,141.71356201171875,0],[132.09765625,146.44012451171875,0],[132.009765625,150.73699951171875,0],[131.833984375,155.03387451171875,0],[131.658203125,159.54559326171875,0],[131.306640625,163.84246826171875,0],[130.8671875,167.49481201171875,0],[130.515625,171.14715576171875,0],[130.251953125,174.15496826171875,0],[129.900390625,176.51824951171875,0],[129.724609375,178.45184326171875,0],[129.548828125,179.74090576171875,0],[129.373046875,181.02996826171875,0],[129.197265625,181.88934326171875,0],[129.109375,182.31903076171875,0],[129.109375,182.74871826171875,0],[129.109375,182.74871826171875,0],[129.109375,182.74871826171875,0],[129.109375,182.74871826171875,0],[129.109375,182.74871826171875,0],[129.109375,182.74871826171875,0],[129.109375,182.74871826171875,0],[129.109375,182.74871826171875,0],[129.28515625,182.74871826171875,0],[130.8671875,182.74871826171875,0],[132.80078125,182.53387451171875,0],[134.91015625,182.31903076171875,0],[137.37109375,181.88934326171875,0],[140.0078125,181.45965576171875,0],[142.556640625,181.02996826171875,0],[144.9296875,180.60028076171875,0],[147.302734375,180.17059326171875,0],[148.97265625,179.95574951171875,0],[150.37890625,179.95574951171875,0],[151.43359375,179.95574951171875,0],[152.224609375,180.17059326171875,0],[152.400390625,180.17059326171875,1],[136.404296875,184.89715576171875,0],[137.01953125,188.33465576171875,0],[137.546875,191.77215576171875,0],[137.72265625,194.77996826171875,0],[137.986328125,197.78778076171875,0],[137.810546875,200.36590576171875,0],[137.458984375,205.09246826171875,1]],"info":{"wordIdx":494,"sampleIdx":2}}