{"word":"9","data":[[162.33203125,193.49090576171875,0],[161.1015625,192.20184326171875,0],[156.794921875,189.62371826171875,0],[153.455078125,188.54949951171875,0],[149.5,188.54949951171875,0],[146.248046875,189.83856201171875,0],[143.69921875,191.77215576171875,0],[140.359375,195.42449951171875,0],[137.01953125,201.22528076171875,0],[135.26171875,207.45574951171875,0],[134.03125,214.76043701171875,0],[133.943359375,220.77606201171875,0],[134.470703125,226.14715576171875,0],[135.4375,230.44403076171875,0],[136.4921875,233.66668701171875,0],[137.634765625,236.02996826171875,0],[138.6015625,237.31903076171875,0],[140.18359375,238.60809326171875,0],[143.259765625,239.25262451171875,0],[146.16015625,238.60809326171875,0],[149.060546875,236.67449951171875,0],[152.48828125,232.80731201171875,0],[156.091796875,226.57684326171875,0],[158.201171875,220.34637451171875,0],[159.607421875,214.33074951171875,0],[160.486328125,208.10028076171875,0],[161.1015625,202.72918701171875,0],[161.27734375,197.57293701171875,0],[161.189453125,193.27606201171875,0],[161.189453125,190.48309326171875,0],[161.1015625,187.90496826171875,0],[161.189453125,185.54168701171875,0],[161.27734375,183.82293701171875,0],[161.365234375,182.10418701171875,0],[161.453125,180.81512451171875,0],[161.453125,179.52606201171875,0],[161.453125,178.45184326171875,0],[161.365234375,178.02215576171875,0],[161.365234375,177.80731201171875,0],[161.365234375,177.80731201171875,0],[161.365234375,177.80731201171875,0],[161.365234375,177.80731201171875,0],[161.365234375,177.80731201171875,0],[160.662109375,181.45965576171875,0],[160.57421875,186.18621826171875,0],[160.662109375,192.41668701171875,0],[161.27734375,198.86199951171875,0],[161.8046875,205.30731201171875,0],[162.771484375,212.39715576171875,0],[163.9140625,219.70184326171875,0],[165.056640625,226.79168701171875,0],[166.19921875,234.52606201171875,0],[167.341796875,242.04559326171875,0],[168.30859375,249.35028076171875,0],[169.1875,256.65496826171875,0],[169.802734375,263.10028076171875,0],[170.154296875,269.33074951171875,0],[170.505859375,274.48699951171875,0],[170.681640625,279.85809326171875,0],[171.82421875,282.43621826171875,0],[173.845703125,287.16278076171875,1]],"info":{"wordIdx":499,"sampleIdx":2}}