{"word":"6","data":[[150.642578125,143.21746826171875,0],[147.830078125,147.29949951171875,0],[145.017578125,152.24090576171875,0],[142.732421875,156.96746826171875,0],[140.7109375,162.33856201171875,0],[139.12890625,167.06512451171875,0],[137.1953125,173.08074951171875,0],[135.525390625,178.45184326171875,0],[134.119140625,183.60809326171875,0],[132.888671875,188.54949951171875,0],[131.921875,193.27606201171875,0],[131.306640625,197.35809326171875,0],[130.779296875,201.01043701171875,0],[130.8671875,204.66278076171875,0],[131.130859375,207.88543701171875,0],[131.5703125,210.67840576171875,0],[132.44921875,213.25653076171875,0],[133.328125,215.61981201171875,0],[134.3828125,217.33856201171875,0],[135.7890625,219.27215576171875,0],[137.37109375,220.77606201171875,0],[139.65625,222.70965576171875,0],[142.46875,224.21356201171875,0],[145.017578125,225.28778076171875,0],[147.478515625,225.71746826171875,0],[149.763671875,225.71746826171875,0],[151.873046875,225.50262451171875,0],[153.630859375,224.85809326171875,0],[155.388671875,223.78387451171875,0],[157.146484375,222.06512451171875,0],[159.255859375,219.27215576171875,0],[160.837890625,216.04949951171875,0],[162.068359375,212.61199951171875,0],[162.5078125,209.17449951171875,0],[162.595703125,206.16668701171875,0],[162.244140625,203.58856201171875,0],[161.8046875,201.65496826171875,0],[161.189453125,200.15106201171875,0],[160.662109375,199.29168701171875,0],[159.958984375,198.64715576171875,0],[158.9921875,197.78778076171875,0],[157.234375,196.92840576171875,0],[155.65234375,196.28387451171875,0],[153.982421875,195.85418701171875,0],[152.048828125,195.63934326171875,0],[150.291015625,195.42449951171875,0],[148.09375,195.42449951171875,0],[146.248046875,195.63934326171875,0],[144.666015625,196.06903076171875,0],[143.083984375,196.92840576171875,0],[141.501953125,198.21746826171875,0],[138.6015625,200.58074951171875,1]],"info":{"wordIdx":496,"sampleIdx":0}}