{"word":"2","data":[[133.767578125,160.19012451171875,0],[134.91015625,158.68621826171875,0],[135.96484375,157.39715576171875,0],[136.84375,156.32293701171875,0],[137.634765625,155.67840576171875,0],[138.42578125,154.81903076171875,0],[139.392578125,154.17449951171875,0],[140.53515625,153.52996826171875,0],[142.029296875,153.31512451171875,0],[143.611328125,153.74481201171875,0],[145.10546875,154.60418701171875,0],[147.390625,157.39715576171875,0],[149.8515625,161.90887451171875,0],[151.521484375,166.20574951171875,0],[152.751953125,171.14715576171875,0],[153.3671875,175.87371826171875,0],[153.279296875,181.67449951171875,0],[152.6640625,186.83074951171875,0],[151.697265625,192.20184326171875,0],[150.203125,197.35809326171875,0],[148.357421875,202.08465576171875,0],[146.072265625,206.59637451171875,0],[143.875,210.46356201171875,0],[141.765625,214.97528076171875,0],[139.65625,220.13153076171875,0],[137.72265625,224.42840576171875,0],[135.876953125,228.72528076171875,0],[134.119140625,232.59246826171875,0],[132.625,236.24481201171875,0],[131.306640625,239.03778076171875,0],[130.33984375,241.18621826171875,0],[129.63671875,242.47528076171875,0],[129.197265625,243.11981201171875,0],[128.93359375,243.54949951171875,0],[128.93359375,243.54949951171875,0],[128.93359375,243.54949951171875,0],[128.93359375,243.54949951171875,0],[128.93359375,243.54949951171875,0],[128.93359375,243.54949951171875,0],[128.93359375,243.54949951171875,0],[128.93359375,243.54949951171875,0],[128.93359375,243.54949951171875,0],[128.93359375,243.54949951171875,0],[128.93359375,243.76434326171875,0],[129.021484375,243.97918701171875,0],[129.109375,244.19403076171875,0],[129.28515625,244.40887451171875,0],[129.548828125,244.62371826171875,0],[130.69140625,245.48309326171875,0],[132.625,246.34246826171875,0],[134.470703125,246.98699951171875,0],[136.580078125,246.98699951171875,0],[138.6015625,246.98699951171875,0],[141.4140625,246.55731201171875,0],[144.05078125,246.12762451171875,0],[146.599609375,245.69793701171875,0],[148.708984375,245.48309326171875,0],[150.73046875,245.26824951171875,0],[152.13671875,245.26824951171875,0],[152.6640625,245.26824951171875,0],[152.6640625,245.26824951171875,0],[152.6640625,245.26824951171875,1]],"info":{"wordIdx":492,"sampleIdx":1}}