{"word":"5","data":[[134.734375,158.04168701171875,0],[135.876953125,163.19793701171875,0],[137.01953125,168.99871826171875,0],[138.162109375,174.58465576171875,0],[139.041015625,179.74090576171875,0],[139.65625,184.46746826171875,0],[139.83203125,188.11981201171875,0],[140.095703125,191.34246826171875,0],[140.18359375,194.13543701171875,0],[140.0078125,195.63934326171875,0],[139.744140625,196.71356201171875,0],[139.568359375,197.57293701171875,0],[139.3046875,198.21746826171875,0],[139.12890625,198.43231201171875,0],[139.12890625,198.43231201171875,0],[139.12890625,198.43231201171875,0],[139.12890625,198.43231201171875,0],[139.12890625,198.43231201171875,0],[139.12890625,198.43231201171875,0],[139.12890625,198.43231201171875,0],[139.216796875,198.21746826171875,0],[139.65625,197.35809326171875,0],[140.18359375,196.49871826171875,0],[140.88671875,195.63934326171875,0],[141.853515625,194.77996826171875,0],[143.34765625,194.13543701171875,0],[144.9296875,193.70574951171875,0],[146.6875,193.92059326171875,0],[148.357421875,194.56512451171875,0],[149.8515625,195.63934326171875,0],[151.08203125,196.92840576171875,0],[152.576171875,198.64715576171875,0],[153.89453125,200.58074951171875,0],[155.037109375,202.72918701171875,0],[155.916015625,204.87762451171875,0],[156.53125,207.02606201171875,0],[157.234375,209.38934326171875,0],[157.76171875,211.96746826171875,0],[157.9375,214.76043701171875,0],[157.849609375,217.33856201171875,0],[157.673828125,219.48699951171875,0],[157.234375,221.85028076171875,0],[156.619140625,223.78387451171875,0],[155.828125,225.71746826171875,0],[155.037109375,227.22137451171875,0],[154.0703125,228.72528076171875,0],[153.19140625,230.22918701171875,0],[152.3125,231.08856201171875,0],[150.37890625,232.59246826171875,0],[148.005859375,233.88153076171875,0],[145.28125,234.52606201171875,0],[141.853515625,234.95574951171875,0],[137.283203125,234.52606201171875,0],[132.625,233.23699951171875,0],[129.197265625,231.94793701171875,0],[122.95703125,229.79949951171875,1],[134.20703125,149.87762451171875,0],[138.337890625,149.87762451171875,0],[142.8203125,149.66278076171875,0],[146.86328125,149.44793701171875,0],[151.2578125,149.23309326171875,0],[154.94921875,148.80340576171875,0],[157.849609375,148.37371826171875,0],[160.75,147.72918701171875,0],[163.03515625,147.08465576171875,0],[164.44140625,146.65496826171875,0],[165.3203125,146.44012451171875,0],[166.19921875,146.01043701171875,0],[167.78125,145.36590576171875,1]],"info":{"wordIdx":495,"sampleIdx":2}}