{"word":"1","data":[[127.439453125,194.35028076171875,0],[129.4609375,190.05340576171875,0],[131.130859375,185.11199951171875,0],[132.361328125,181.24481201171875,0],[133.328125,177.59246826171875,0],[134.20703125,174.15496826171875,0],[135.0859375,171.14715576171875,0],[135.7890625,168.35418701171875,0],[136.4921875,165.77606201171875,0],[137.01953125,163.62762451171875,0],[137.546875,161.69403076171875,0],[137.8984375,160.19012451171875,0],[138.25,158.90106201171875,0],[138.513671875,158.04168701171875,0],[138.865234375,157.18231201171875,0],[139.12890625,156.75262451171875,0],[139.216796875,156.75262451171875,0],[139.216796875,156.75262451171875,0],[139.216796875,156.75262451171875,0],[139.3046875,156.53778076171875,0],[139.48046875,156.53778076171875,0],[139.65625,156.53778076171875,0],[139.744140625,156.53778076171875,0],[140.0078125,156.53778076171875,0],[140.271484375,156.75262451171875,0],[141.0625,157.82684326171875,0],[142.205078125,159.76043701171875,0],[143.171875,162.33856201171875,0],[143.962890625,165.77606201171875,0],[144.841796875,170.07293701171875,0],[145.720703125,174.79949951171875,0],[146.951171875,180.60028076171875,0],[148.005859375,186.18621826171875,0],[149.060546875,193.06121826171875,0],[150.37890625,199.72137451171875,0],[151.345703125,206.59637451171875,0],[152.48828125,213.90106201171875,0],[153.54296875,220.77606201171875,0],[154.59765625,227.43621826171875,0],[155.65234375,233.23699951171875,0],[156.443359375,239.03778076171875,0],[157.146484375,243.33465576171875,0],[157.76171875,246.77215576171875,0],[158.201171875,249.13543701171875,0],[158.46484375,251.06903076171875,0],[158.46484375,251.71356201171875,0],[158.46484375,251.71356201171875,0],[158.46484375,251.71356201171875,0],[158.46484375,251.71356201171875,1]],"info":{"wordIdx":491,"sampleIdx":2}}