{"word":"6","data":[[165.759765625,149.01824951171875,0],[163.826171875,153.52996826171875,0],[162.15625,159.11590576171875,0],[161.189453125,163.84246826171875,0],[160.310546875,169.85809326171875,0],[159.34375,175.22918701171875,0],[158.552734375,180.81512451171875,0],[157.849609375,186.18621826171875,0],[157.146484375,191.12762451171875,0],[156.53125,196.06903076171875,0],[156.1796875,200.58074951171875,0],[156.091796875,205.30731201171875,0],[156.267578125,209.81903076171875,0],[156.443359375,214.76043701171875,0],[156.70703125,219.05731201171875,0],[157.146484375,222.92449951171875,0],[157.76171875,226.36199951171875,0],[158.201171875,228.94012451171875,0],[158.728515625,230.87371826171875,0],[159.255859375,232.37762451171875,0],[159.6953125,233.23699951171875,0],[159.958984375,233.66668701171875,0],[160.046875,233.66668701171875,0],[160.662109375,234.09637451171875,0],[161.716796875,234.31121826171875,0],[162.771484375,234.31121826171875,0],[164.08984375,233.88153076171875,0],[165.408203125,233.45184326171875,0],[166.638671875,232.80731201171875,0],[167.869140625,231.94793701171875,0],[169.099609375,230.87371826171875,0],[170.2421875,229.79949951171875,0],[172.087890625,227.43621826171875,0],[173.669921875,224.64324951171875,0],[174.900390625,221.85028076171875,0],[175.779296875,219.05731201171875,0],[176.21875,215.83465576171875,0],[176.5703125,213.04168701171875,0],[176.658203125,210.46356201171875,0],[176.658203125,208.31512451171875,0],[176.5703125,206.38153076171875,0],[176.39453125,205.09246826171875,0],[176.21875,204.44793701171875,0],[176.130859375,204.23309326171875,0],[176.130859375,204.01824951171875,0],[176.130859375,204.01824951171875,0],[176.130859375,204.01824951171875,0],[175.603515625,203.58856201171875,0],[174.63671875,203.15887451171875,0],[173.23046875,202.72918701171875,0],[171.82421875,202.08465576171875,0],[170.06640625,201.44012451171875,0],[168.1328125,200.58074951171875,0],[166.814453125,200.15106201171875,0],[165.583984375,199.72137451171875,0],[164.6171875,199.50653076171875,0],[163.73828125,199.50653076171875,0],[162.947265625,199.29168701171875,0],[162.244140625,199.50653076171875,0],[161.716796875,199.50653076171875,0],[161.013671875,199.72137451171875,0],[160.22265625,200.15106201171875,0],[159.255859375,200.58074951171875,0],[158.376953125,201.22528076171875,0],[157.234375,202.08465576171875,0],[154.421875,203.58856201171875,0],[149.32421875,206.38153076171875,1]],"info":{"wordIdx":496,"sampleIdx":2}}