{"word":"5","data":[[139.48046875,172.00653076171875,0],[140.0078125,177.16278076171875,0],[140.359375,181.88934326171875,0],[140.53515625,185.97137451171875,0],[140.7109375,189.40887451171875,0],[140.7109375,192.41668701171875,0],[140.798828125,194.56512451171875,0],[140.88671875,195.85418701171875,0],[140.88671875,196.71356201171875,0],[140.798828125,197.57293701171875,0],[140.7109375,198.21746826171875,0],[140.7109375,198.21746826171875,0],[140.7109375,198.21746826171875,0],[140.7109375,198.21746826171875,0],[140.7109375,198.21746826171875,0],[140.7109375,198.21746826171875,0],[140.7109375,198.21746826171875,0],[140.271484375,197.35809326171875,0],[139.83203125,195.63934326171875,0],[139.65625,193.92059326171875,0],[139.744140625,191.98699951171875,0],[140.271484375,190.26824951171875,0],[140.88671875,189.19403076171875,0],[141.94140625,188.54949951171875,0],[143.962890625,188.11981201171875,0],[146.423828125,188.33465576171875,0],[148.796875,189.19403076171875,0],[150.90625,190.69793701171875,0],[152.576171875,191.98699951171875,0],[154.0703125,193.70574951171875,0],[155.564453125,195.63934326171875,0],[156.794921875,197.78778076171875,0],[157.849609375,200.36590576171875,0],[158.2890625,202.94403076171875,0],[158.46484375,205.30731201171875,0],[158.11328125,208.10028076171875,0],[157.5859375,211.10809326171875,0],[156.794921875,213.90106201171875,0],[156.091796875,216.26434326171875,0],[155.30078125,218.41278076171875,0],[154.59765625,220.13153076171875,0],[153.630859375,221.85028076171875,0],[152.83984375,222.70965576171875,0],[151.873046875,223.56903076171875,0],[149.8515625,224.42840576171875,0],[147.56640625,224.64324951171875,0],[145.984375,224.21356201171875,0],[144.314453125,222.92449951171875,0],[141.23828125,220.77606201171875,1],[144.9296875,171.14715576171875,0],[147.0390625,170.71746826171875,0],[149.32421875,169.42840576171875,0],[150.818359375,168.13934326171875,0],[153.630859375,164.48699951171875,0],[155.037109375,161.69403076171875,0],[157.498046875,156.75262451171875,1]],"info":{"wordIdx":495,"sampleIdx":1}}