{"word":"7","data":[[133.50390625,152.67059326171875,0],[135.876953125,152.88543701171875,0],[138.6015625,153.10028076171875,0],[141.853515625,153.10028076171875,0],[144.841796875,152.88543701171875,0],[147.56640625,152.88543701171875,0],[150.37890625,152.67059326171875,0],[152.83984375,152.45574951171875,0],[154.861328125,152.24090576171875,0],[156.443359375,152.02606201171875,0],[157.849609375,151.81121826171875,0],[159.255859375,151.38153076171875,0],[160.310546875,151.16668701171875,0],[161.189453125,150.73699951171875,0],[161.716796875,150.73699951171875,0],[161.98046875,150.52215576171875,0],[162.068359375,150.52215576171875,0],[162.068359375,150.52215576171875,0],[162.068359375,150.52215576171875,0],[162.068359375,150.52215576171875,0],[162.068359375,150.52215576171875,0],[162.068359375,150.52215576171875,0],[162.068359375,150.52215576171875,0],[162.068359375,150.95184326171875,0],[161.8046875,152.45574951171875,0],[161.365234375,154.81903076171875,0],[160.837890625,159.11590576171875,0],[160.486328125,163.62762451171875,0],[159.958984375,170.07293701171875,0],[159.255859375,176.08856201171875,0],[158.46484375,182.10418701171875,0],[157.498046875,187.26043701171875,0],[156.35546875,192.41668701171875,0],[155.212890625,196.71356201171875,0],[154.158203125,200.15106201171875,0],[153.19140625,202.94403076171875,0],[152.3125,205.95184326171875,0],[151.609375,208.95965576171875,0],[150.90625,212.18231201171875,0],[150.5546875,214.97528076171875,0],[150.37890625,217.33856201171875,0],[150.291015625,219.48699951171875,0],[150.291015625,220.99090576171875,0],[150.291015625,221.85028076171875,0],[150.203125,222.92449951171875,0],[150.115234375,223.56903076171875,0],[150.02734375,223.99871826171875,0],[150.02734375,223.99871826171875,0],[150.02734375,223.99871826171875,0],[150.02734375,223.99871826171875,0],[150.02734375,223.99871826171875,1],[164.529296875,193.92059326171875,0],[160.3984375,194.99481201171875,0],[156.443359375,195.63934326171875,0],[152.83984375,196.28387451171875,0],[149.587890625,196.92840576171875,0],[146.599609375,197.57293701171875,0],[144.314453125,198.21746826171875,0],[142.205078125,198.86199951171875,0],[138.337890625,200.15106201171875,1]],"info":{"wordIdx":497,"sampleIdx":2}}