{"word":"5","data":[[146.951171875,175.65887451171875,0],[146.423828125,181.88934326171875,0],[145.720703125,187.26043701171875,0],[145.10546875,192.20184326171875,0],[144.40234375,196.06903076171875,0],[144.05078125,198.43231201171875,0],[143.875,199.93621826171875,0],[143.787109375,200.79559326171875,0],[143.69921875,201.44012451171875,0],[143.69921875,201.65496826171875,0],[143.69921875,201.65496826171875,0],[143.69921875,201.65496826171875,0],[143.69921875,201.65496826171875,0],[144.138671875,200.79559326171875,0],[145.10546875,199.50653076171875,0],[146.072265625,198.43231201171875,0],[147.7421875,197.57293701171875,0],[150.90625,197.57293701171875,0],[153.89453125,198.86199951171875,0],[156.267578125,200.79559326171875,0],[159.255859375,204.23309326171875,0],[162.068359375,208.52996826171875,0],[164.001953125,213.04168701171875,0],[165.14453125,216.90887451171875,0],[165.935546875,220.77606201171875,0],[166.287109375,224.42840576171875,0],[165.84765625,227.86590576171875,0],[164.96875,230.87371826171875,0],[163.73828125,234.31121826171875,0],[162.068359375,237.53387451171875,0],[160.134765625,239.89715576171875,0],[158.025390625,241.61590576171875,0],[155.037109375,243.54949951171875,0],[152.048828125,244.19403076171875,0],[148.796875,243.97918701171875,0],[145.544921875,242.69012451171875,0],[142.46875,240.11199951171875,0],[140.095703125,237.31903076171875,0],[135.7890625,232.37762451171875,1],[140.798828125,156.96746826171875,0],[143.875,157.61199951171875,0],[146.86328125,158.25653076171875,0],[150.291015625,158.90106201171875,0],[153.89453125,159.11590576171875,0],[157.76171875,158.68621826171875,0],[161.541015625,158.25653076171875,0],[164.44140625,157.39715576171875,0],[166.814453125,156.53778076171875,0],[168.220703125,155.89324951171875,0],[170.505859375,155.03387451171875,0],[174.548828125,153.52996826171875,1]],"info":{"wordIdx":495,"sampleIdx":0}}