{"word":"3","data":[[130.955078125,156.53778076171875,0],[133.328125,156.10809326171875,0],[135.525390625,155.67840576171875,0],[137.634765625,155.67840576171875,0],[139.216796875,155.67840576171875,0],[140.974609375,155.67840576171875,0],[142.205078125,156.10809326171875,0],[143.259765625,156.53778076171875,0],[144.2265625,156.96746826171875,0],[145.193359375,158.04168701171875,0],[147.126953125,161.04949951171875,0],[148.533203125,164.91668701171875,0],[148.884765625,169.21356201171875,0],[148.26953125,173.51043701171875,0],[146.6875,178.66668701171875,0],[144.841796875,183.39324951171875,0],[142.99609375,187.47528076171875,0],[141.0625,191.34246826171875,0],[139.12890625,194.35028076171875,0],[137.283203125,196.71356201171875,0],[135.525390625,198.64715576171875,0],[134.119140625,199.93621826171875,0],[133.15234375,200.79559326171875,0],[132.712890625,201.01043701171875,0],[132.537109375,201.22528076171875,0],[132.537109375,201.22528076171875,0],[132.537109375,201.22528076171875,0],[132.537109375,201.22528076171875,0],[132.537109375,201.22528076171875,0],[133.943359375,200.15106201171875,0],[137.01953125,198.21746826171875,0],[140.447265625,196.71356201171875,0],[143.875,195.85418701171875,0],[147.302734375,195.63934326171875,0],[150.02734375,196.06903076171875,0],[152.224609375,196.92840576171875,0],[153.71875,198.21746826171875,0],[155.30078125,199.93621826171875,0],[156.443359375,202.29949951171875,0],[156.794921875,204.66278076171875,0],[156.53125,206.81121826171875,0],[155.65234375,209.17449951171875,0],[154.333984375,211.32293701171875,0],[152.224609375,213.68621826171875,0],[149.5,216.47918701171875,0],[146.16015625,219.91668701171875,0],[143.083984375,223.13934326171875,0],[139.919921875,226.14715576171875,0],[136.31640625,228.94012451171875,0],[132.80078125,230.65887451171875,0],[130.1640625,231.08856201171875,0],[125.41796875,231.94793701171875,1]],"info":{"wordIdx":493,"sampleIdx":2}}