{"word":"10","data":[[116.541015625,204.66278076171875,0],[119.880859375,199.29168701171875,0],[121.462890625,195.63934326171875,0],[123.044921875,191.34246826171875,0],[124.626953125,187.26043701171875,0],[126.033203125,183.60809326171875,0],[127.3515625,180.60028076171875,0],[128.23046875,179.09637451171875,0],[128.7578125,178.02215576171875,0],[129.28515625,177.37762451171875,0],[129.4609375,177.37762451171875,0],[129.900390625,177.59246826171875,0],[131.833984375,180.60028076171875,0],[134.3828125,189.40887451171875,0],[135.4375,196.49871826171875,0],[136.140625,204.01824951171875,0],[136.580078125,210.89324951171875,0],[136.580078125,216.69403076171875,0],[136.66796875,221.63543701171875,0],[136.66796875,225.71746826171875,0],[136.755859375,229.15496826171875,0],[136.84375,235.38543701171875,1],[171.033203125,215.83465576171875,0],[172.703125,211.53778076171875,0],[173.494140625,206.81121826171875,0],[173.669921875,202.08465576171875,0],[173.40625,198.00262451171875,0],[172.87890625,194.56512451171875,0],[172,191.77215576171875,0],[170.76953125,189.19403076171875,0],[169.890625,187.69012451171875,0],[169.01171875,186.61590576171875,0],[167.693359375,185.54168701171875,0],[166.111328125,184.68231201171875,0],[164.6171875,184.46746826171875,0],[163.123046875,184.68231201171875,0],[161.716796875,185.54168701171875,0],[160.22265625,186.83074951171875,0],[158.025390625,189.40887451171875,0],[156.091796875,193.06121826171875,0],[154.7734375,196.92840576171875,0],[153.982421875,201.22528076171875,0],[153.71875,205.52215576171875,0],[153.71875,209.60418701171875,0],[154.158203125,213.90106201171875,0],[154.7734375,217.76824951171875,0],[155.564453125,220.77606201171875,0],[156.443359375,223.35418701171875,0],[157.234375,225.28778076171875,0],[157.849609375,226.36199951171875,0],[158.11328125,226.79168701171875,0],[158.640625,227.00653076171875,0],[159.431640625,227.43621826171875,0],[160.662109375,227.22137451171875,0],[162.068359375,226.57684326171875,0],[163.650390625,225.28778076171875,0],[165.759765625,222.70965576171875,0],[168.220703125,219.48699951171875,0],[170.59375,215.61981201171875,0],[173.142578125,212.61199951171875,0],[177.712890625,207.24090576171875,1]],"info":{"wordIdx":500,"sampleIdx":0}}