{"word":"10","data":[[116.453125,216.47918701171875,0],[118.73828125,211.10809326171875,0],[120.671875,206.16668701171875,0],[122.60546875,201.01043701171875,0],[124.451171875,196.49871826171875,0],[125.857421875,193.49090576171875,0],[127.3515625,190.91278076171875,0],[128.318359375,189.40887451171875,0],[128.845703125,188.54949951171875,0],[129.373046875,188.33465576171875,0],[129.98828125,187.90496826171875,0],[130.779296875,188.11981201171875,0],[131.482421875,188.97918701171875,0],[134.119140625,193.92059326171875,0],[135.61328125,199.50653076171875,0],[136.4921875,205.30731201171875,0],[136.755859375,212.18231201171875,0],[136.931640625,218.62762451171875,0],[137.283203125,224.64324951171875,0],[137.546875,230.01434326171875,0],[137.72265625,234.95574951171875,0],[137.986328125,239.25262451171875,0],[138.25,242.04559326171875,0],[138.689453125,247.20184326171875,1],[183.07421875,240.11199951171875,0],[184.744140625,233.45184326171875,0],[185.974609375,227.43621826171875,0],[186.765625,221.42059326171875,0],[186.94140625,216.04949951171875,0],[186.501953125,211.96746826171875,0],[185.798828125,207.45574951171875,0],[184.919921875,204.44793701171875,0],[184.12890625,202.29949951171875,0],[183.07421875,200.58074951171875,0],[181.404296875,198.00262451171875,0],[180.26171875,196.92840576171875,0],[177.537109375,194.77996826171875,0],[175.251953125,193.70574951171875,0],[172.263671875,193.06121826171875,0],[169.978515625,193.06121826171875,0],[167.517578125,193.70574951171875,0],[165.583984375,194.77996826171875,0],[163.9140625,196.28387451171875,0],[161.98046875,198.64715576171875,0],[159.6953125,202.51434326171875,0],[158.11328125,206.16668701171875,0],[157.05859375,210.03387451171875,0],[156.443359375,214.33074951171875,0],[156.443359375,219.05731201171875,0],[157.146484375,223.78387451171875,0],[158.11328125,227.65106201171875,0],[159.34375,231.08856201171875,0],[160.662109375,233.88153076171875,0],[162.5078125,236.67449951171875,0],[164.6171875,238.82293701171875,0],[167.078125,240.97137451171875,0],[170.154296875,242.90496826171875,0],[173.23046875,243.97918701171875,0],[176.306640625,244.83856201171875,0],[179.470703125,244.19403076171875,0],[185.095703125,243.11981201171875,1]],"info":{"wordIdx":500,"sampleIdx":1}}