{"word":"#","data":[[134.294921875,147.94403076171875,0],[134.822265625,152.88543701171875,0],[135.525390625,158.68621826171875,0],[136.404296875,164.27215576171875,0],[137.283203125,171.36199951171875,0],[137.986328125,178.02215576171875,0],[138.689453125,184.46746826171875,0],[139.216796875,190.91278076171875,0],[139.568359375,197.57293701171875,0],[139.568359375,203.58856201171875,0],[139.48046875,209.17449951171875,0],[139.216796875,214.76043701171875,0],[138.953125,219.48699951171875,0],[138.689453125,223.35418701171875,0],[138.865234375,227.22137451171875,0],[139.12890625,234.31121826171875,1],[166.111328125,159.11590576171875,0],[166.375,164.70184326171875,0],[166.638671875,171.36199951171875,0],[166.638671875,178.66668701171875,0],[166.287109375,185.97137451171875,0],[165.84765625,194.77996826171875,0],[164.880859375,203.15887451171875,0],[164.08984375,211.53778076171875,0],[163.38671875,219.48699951171875,0],[162.595703125,226.36199951171875,0],[162.068359375,231.51824951171875,0],[161.62890625,238.39324951171875,0],[161.716796875,240.32684326171875,0],[161.8046875,243.97918701171875,1],[180.26171875,187.04559326171875,0],[173.494140625,183.82293701171875,0],[167.4296875,181.45965576171875,0],[160.134765625,179.52606201171875,0],[153.630859375,178.02215576171875,0],[147.0390625,176.94793701171875,0],[141.4140625,176.94793701171875,0],[135.876953125,177.16278076171875,0],[130.955078125,177.59246826171875,0],[126.560546875,178.66668701171875,0],[124.275390625,179.52606201171875,0],[120.14453125,181.24481201171875,1],[180.61328125,207.45574951171875,0],[172.52734375,205.95184326171875,0],[164.353515625,204.44793701171875,0],[155.740234375,203.37371826171875,0],[147.7421875,202.51434326171875,0],[140.447265625,202.29949951171875,0],[132.9765625,201.86981201171875,0],[126.912109375,201.65496826171875,0],[122.869140625,201.65496826171875,0],[115.57421875,201.65496826171875,1]],"info":{"wordIdx":507,"sampleIdx":0}}