{"word":"Kč","data":[[114.255859375,136.5572967529297,0],[113.640625,142.57293701171875,0],[113.201171875,149.87762451171875,0],[112.9375,157.18231201171875,0],[112.498046875,164.48699951171875,0],[112.234375,172.00653076171875,0],[112.234375,178.88153076171875,0],[112.234375,184.89715576171875,0],[111.970703125,189.83856201171875,0],[111.794921875,194.99481201171875,0],[111.70703125,198.64715576171875,0],[111.70703125,201.86981201171875,0],[111.53125,203.58856201171875,0],[111.1796875,206.81121826171875,1],[125.9453125,161.47918701171875,0],[128.494140625,158.25653076171875,0],[130.955078125,155.03387451171875,0],[132.712890625,152.02606201171875,0],[134.03125,149.01824951171875,0],[136.404296875,143.64715576171875,1],[129.4609375,180.38543701171875,0],[133.15234375,183.17840576171875,0],[136.052734375,185.54168701171875,0],[141.94140625,188.97918701171875,0],[152.48828125,195.20965576171875,1],[162.33203125,176.30340576171875,0],[161.189453125,179.09637451171875,0],[160.75,181.88934326171875,0],[160.75,184.68231201171875,0],[161.365234375,187.26043701171875,0],[162.33203125,189.83856201171875,0],[163.474609375,191.55731201171875,0],[164.880859375,193.06121826171875,0],[167.078125,194.99481201171875,0],[169.451171875,196.71356201171875,0],[171.560546875,197.78778076171875,0],[173.0546875,198.43231201171875,0],[175.69140625,199.72137451171875,1],[173.23046875,150.09246826171875,0],[175.8671875,150.09246826171875,0],[177.44921875,149.66278076171875,0],[180.26171875,148.15887451171875,0],[185.271484375,145.58074951171875,1]],"info":{"wordIdx":503,"sampleIdx":1}}