{"word":"<","data":[[148.09375,204.66278076171875,0],[145.45703125,206.16668701171875,0],[143.171875,207.45574951171875,0],[140.623046875,208.74481201171875,0],[138.162109375,210.03387451171875,0],[136.228515625,210.89324951171875,0],[134.91015625,211.75262451171875,0],[133.85546875,212.18231201171875,0],[132.80078125,213.04168701171875,0],[131.921875,213.47137451171875,0],[131.21875,213.90106201171875,0],[130.603515625,214.33074951171875,0],[130.076171875,214.76043701171875,0],[129.8125,215.19012451171875,0],[129.548828125,215.40496826171875,0],[129.373046875,215.61981201171875,0],[129.373046875,215.61981201171875,0],[129.373046875,215.61981201171875,0],[129.373046875,215.61981201171875,0],[129.373046875,215.61981201171875,0],[129.28515625,215.61981201171875,0],[129.109375,216.04949951171875,0],[128.93359375,216.47918701171875,0],[128.845703125,217.12371826171875,0],[128.93359375,217.76824951171875,0],[129.197265625,218.62762451171875,0],[129.63671875,219.70184326171875,0],[130.076171875,220.56121826171875,0],[131.04296875,221.63543701171875,0],[132.44921875,223.35418701171875,0],[134.119140625,225.28778076171875,0],[135.96484375,227.00653076171875,0],[137.8984375,228.94012451171875,0],[139.65625,230.65887451171875,0],[141.94140625,232.16278076171875,0],[143.875,233.45184326171875,0],[145.544921875,234.31121826171875,0],[147.126953125,234.74090576171875,0],[148.26953125,234.95574951171875,0],[149.1484375,234.95574951171875,0],[149.939453125,235.17059326171875,0],[150.466796875,235.17059326171875,0],[150.642578125,235.17059326171875,0],[151.9609375,236.02996826171875,0],[154.333984375,237.74871826171875,1]],"info":{"wordIdx":509,"sampleIdx":1}}