{"word":"€","data":[[152.48828125,157.18231201171875,0],[150.115234375,161.26434326171875,0],[148.005859375,165.13153076171875,0],[145.720703125,170.07293701171875,0],[143.69921875,175.01434326171875,0],[142.1171875,179.74090576171875,0],[140.974609375,184.25262451171875,0],[140.18359375,187.90496826171875,0],[139.65625,190.91278076171875,0],[139.216796875,194.35028076171875,0],[139.12890625,197.14324951171875,0],[139.216796875,199.72137451171875,0],[139.48046875,202.29949951171875,0],[140.095703125,205.30731201171875,0],[141.0625,207.88543701171875,0],[142.1171875,210.46356201171875,0],[143.171875,212.82684326171875,0],[144.314453125,215.19012451171875,0],[145.369140625,217.12371826171875,0],[146.423828125,218.84246826171875,0],[147.302734375,220.13153076171875,0],[148.09375,221.20574951171875,0],[148.796875,221.85028076171875,0],[150.203125,222.92449951171875,0],[151.78515625,223.56903076171875,0],[153.455078125,224.21356201171875,0],[155.125,224.85809326171875,0],[156.091796875,225.28778076171875,0],[157.5859375,225.50262451171875,0],[160.22265625,225.93231201171875,1],[148.708984375,177.80731201171875,0],[145.6328125,178.23699951171875,0],[142.908203125,178.66668701171875,0],[139.48046875,179.52606201171875,0],[136.84375,179.95574951171875,0],[133.943359375,180.60028076171875,0],[132.361328125,180.81512451171875,0],[131.658203125,181.02996826171875,0],[130.33984375,181.45965576171875,1],[152.48828125,196.28387451171875,0],[148.97265625,197.35809326171875,0],[145.6328125,198.21746826171875,0],[143.171875,198.64715576171875,0],[140.271484375,199.07684326171875,0],[137.634765625,199.29168701171875,0],[135.349609375,199.07684326171875,0],[131.21875,198.86199951171875,1]],"info":{"wordIdx":504,"sampleIdx":0}}