{"word":"X","data":[[174.4609375,186.40106201171875,0],[171.47265625,189.40887451171875,0],[168.044921875,193.06121826171875,0],[165.056640625,196.49871826171875,0],[162.33203125,199.72137451171875,0],[159.51953125,202.94403076171875,0],[156.70703125,205.95184326171875,0],[154.0703125,208.74481201171875,0],[151.169921875,211.53778076171875,0],[148.09375,214.76043701171875,0],[144.314453125,218.84246826171875,0],[141.150390625,222.92449951171875,0],[138.337890625,226.79168701171875,0],[135.4375,231.08856201171875,0],[132.888671875,234.52606201171875,0],[130.69140625,237.74871826171875,0],[129.109375,239.68231201171875,0],[127.791015625,241.40106201171875,0],[126.560546875,242.90496826171875,0],[125.681640625,243.97918701171875,0],[124.978515625,244.62371826171875,0],[124.5390625,245.05340576171875,0],[124.275390625,245.26824951171875,0],[124.275390625,245.48309326171875,0],[124.275390625,245.48309326171875,0],[124.099609375,245.48309326171875,0],[123.923828125,245.69793701171875,0],[123.923828125,245.69793701171875,0],[123.8359375,245.69793701171875,0],[123.66015625,245.91278076171875,0],[123.30859375,246.12762451171875,0],[123.220703125,246.12762451171875,0],[123.220703125,246.12762451171875,0],[122.869140625,246.98699951171875,1],[186.58984375,248.49090576171875,0],[184.65625,246.12762451171875,0],[182.546875,243.54949951171875,0],[180.701171875,241.40106201171875,0],[178.328125,238.39324951171875,0],[175.69140625,235.17059326171875,0],[172.703125,231.08856201171875,0],[169.36328125,226.79168701171875,0],[165.759765625,221.63543701171875,0],[162.595703125,217.12371826171875,0],[158.904296875,212.18231201171875,0],[155.388671875,207.45574951171875,0],[151.43359375,201.86981201171875,0],[147.654296875,196.71356201171875,0],[144.40234375,192.63153076171875,0],[141.501953125,188.54949951171875,0],[139.3046875,185.11199951171875,0],[137.72265625,182.96356201171875,0],[135.96484375,180.60028076171875,0],[132.80078125,176.51824951171875,1]],"info":{"wordIdx":508,"sampleIdx":1}}