{"word":"Kč","data":[[117.771484375,142.14324951171875,0],[118.38671875,149.87762451171875,0],[119.08984375,159.33074951171875,0],[119.96875,169.64324951171875,0],[120.671875,179.31121826171875,0],[121.90234375,188.33465576171875,0],[122.869140625,196.06903076171875,0],[123.66015625,202.29949951171875,0],[123.923828125,205.30731201171875,0],[124.1875,207.24090576171875,0],[124.626953125,210.89324951171875,1],[129.28515625,172.43621826171875,0],[132.44921875,166.85028076171875,0],[135.96484375,159.54559326171875,0],[142.29296875,146.44012451171875,1],[127.966796875,187.26043701171875,0],[131.482421875,189.62371826171875,0],[135.701171875,192.84637451171875,0],[140.359375,196.49871826171875,0],[143.875,199.29168701171875,0],[147.126953125,201.65496826171875,0],[148.533203125,202.51434326171875,0],[150.994140625,204.23309326171875,1],[165.759765625,197.57293701171875,0],[166.0234375,200.58074951171875,0],[167.166015625,203.80340576171875,0],[168.923828125,206.59637451171875,0],[170.41796875,208.10028076171875,0],[174.548828125,211.10809326171875,0],[177.009765625,212.18231201171875,0],[178.6796875,212.18231201171875,0],[179.998046875,211.53778076171875,0],[182.37109375,210.46356201171875,1],[166.0234375,157.61199951171875,0],[170.505859375,160.40496826171875,0],[174.197265625,162.12371826171875,0],[176.39453125,163.19793701171875,0],[180.349609375,165.13153076171875,1]],"info":{"wordIdx":503,"sampleIdx":2}}