{"word":"€","data":[[158.025390625,146.65496826171875,0],[156.1796875,149.01824951171875,0],[153.982421875,152.02606201171875,0],[152.224609375,155.03387451171875,0],[150.73046875,158.25653076171875,0],[149.5,161.47918701171875,0],[148.4453125,164.48699951171875,0],[147.390625,168.35418701171875,0],[146.6875,171.79168701171875,0],[145.896484375,176.30340576171875,0],[145.369140625,180.38543701171875,0],[145.28125,184.68231201171875,0],[145.28125,188.33465576171875,0],[145.369140625,192.20184326171875,0],[145.720703125,196.06903076171875,0],[146.3359375,199.29168701171875,0],[147.0390625,202.29949951171875,0],[148.005859375,205.30731201171875,0],[148.97265625,208.10028076171875,0],[149.8515625,210.24871826171875,0],[150.90625,212.39715576171875,0],[151.873046875,214.54559326171875,0],[153.015625,216.69403076171875,0],[154.0703125,218.62762451171875,0],[155.212890625,220.56121826171875,0],[156.443359375,222.27996826171875,0],[157.673828125,223.99871826171875,0],[158.728515625,225.28778076171875,0],[159.783203125,226.57684326171875,0],[160.75,227.65106201171875,0],[162.244140625,228.72528076171875,0],[163.9140625,229.79949951171875,0],[165.408203125,230.44403076171875,0],[166.814453125,230.65887451171875,0],[168.396484375,230.87371826171875,0],[169.978515625,230.65887451171875,0],[171.736328125,230.22918701171875,0],[173.0546875,229.58465576171875,0],[174.63671875,228.08074951171875,0],[177.44921875,225.50262451171875,1],[152.6640625,181.67449951171875,0],[148.357421875,182.31903076171875,0],[144.2265625,183.17840576171875,0],[140.271484375,184.03778076171875,0],[136.755859375,184.68231201171875,0],[133.064453125,185.32684326171875,0],[130.1640625,185.75653076171875,0],[128.23046875,185.97137451171875,0],[127.263671875,185.97137451171875,0],[126.560546875,185.97137451171875,0],[125.2421875,185.97137451171875,1],[148.796875,205.52215576171875,0],[147.478515625,205.73699951171875,0],[145.80859375,206.16668701171875,0],[144.490234375,206.81121826171875,0],[142.908203125,207.45574951171875,0],[140.7109375,208.52996826171875,0],[136.755859375,210.46356201171875,1]],"info":{"wordIdx":504,"sampleIdx":2}}