{"word":"X","data":[[168.923828125,190.69793701171875,0],[166.0234375,193.70574951171875,0],[163.03515625,196.71356201171875,0],[159.783203125,200.15106201171875,0],[156.443359375,203.80340576171875,0],[153.455078125,206.81121826171875,0],[149.939453125,209.81903076171875,0],[146.6875,212.82684326171875,0],[143.5234375,216.04949951171875,0],[140.18359375,219.05731201171875,0],[137.37109375,221.85028076171875,0],[134.294921875,224.42840576171875,0],[131.39453125,227.00653076171875,0],[129.021484375,228.94012451171875,0],[127.3515625,230.44403076171875,0],[125.857421875,231.94793701171875,0],[124.451171875,233.66668701171875,0],[121.90234375,236.88934326171875,1],[180.525390625,247.84637451171875,0],[178.416015625,243.33465576171875,0],[176.04296875,238.82293701171875,0],[173.23046875,233.66668701171875,0],[170.2421875,228.51043701171875,0],[166.990234375,222.92449951171875,0],[164.353515625,218.41278076171875,0],[161.892578125,214.33074951171875,0],[158.904296875,209.81903076171875,0],[156.091796875,206.16668701171875,0],[153.103515625,201.86981201171875,0],[150.5546875,198.43231201171875,0],[148.005859375,194.99481201171875,0],[146.072265625,192.84637451171875,0],[144.666015625,191.34246826171875,0],[143.259765625,189.83856201171875,0],[141.94140625,188.54949951171875,0],[140.798828125,187.47528076171875,0],[138.689453125,185.54168701171875,1]],"info":{"wordIdx":508,"sampleIdx":2}}