{"word":"<","data":[[159.783203125,192.84637451171875,0],[157.9375,194.13543701171875,0],[156.443359375,195.20965576171875,0],[154.861328125,196.28387451171875,0],[153.54296875,197.14324951171875,0],[152.048828125,198.43231201171875,0],[150.73046875,199.50653076171875,0],[149.5,200.58074951171875,0],[148.26953125,201.65496826171875,0],[146.6875,203.37371826171875,0],[145.28125,205.09246826171875,0],[143.787109375,206.81121826171875,0],[142.46875,208.31512451171875,0],[140.88671875,210.03387451171875,0],[139.48046875,211.75262451171875,0],[138.25,213.25653076171875,0],[137.107421875,214.54559326171875,0],[136.31640625,215.40496826171875,0],[135.7890625,216.04949951171875,0],[135.4375,216.26434326171875,0],[135.349609375,216.47918701171875,0],[135.173828125,216.69403076171875,0],[135.173828125,216.69403076171875,0],[135.173828125,216.69403076171875,0],[135.173828125,216.69403076171875,0],[135.173828125,216.69403076171875,0],[135.173828125,216.69403076171875,0],[135.173828125,216.69403076171875,0],[135.173828125,216.69403076171875,0],[135.173828125,216.69403076171875,0],[135.173828125,216.69403076171875,0],[135.173828125,216.69403076171875,0],[135.173828125,216.69403076171875,0],[135.173828125,216.69403076171875,0],[135.173828125,216.69403076171875,0],[135.349609375,217.33856201171875,0],[135.4375,217.55340576171875,0],[135.701171875,218.19793701171875,0],[136.052734375,218.62762451171875,0],[136.66796875,219.48699951171875,0],[137.01953125,219.91668701171875,0],[138.689453125,221.20574951171875,0],[140.0078125,222.06512451171875,0],[141.501953125,222.92449951171875,0],[143.259765625,223.56903076171875,0],[145.28125,223.99871826171875,0],[147.654296875,224.21356201171875,0],[150.37890625,224.64324951171875,0],[153.54296875,224.85809326171875,0],[156.70703125,225.07293701171875,0],[159.783203125,225.07293701171875,0],[162.859375,224.85809326171875,0],[165.49609375,224.64324951171875,0],[167.693359375,224.42840576171875,0],[169.1875,224.21356201171875,0],[170.2421875,223.99871826171875,0],[170.76953125,223.99871826171875,0],[170.76953125,223.99871826171875,0],[170.76953125,223.99871826171875,0],[170.76953125,223.99871826171875,1]],"info":{"wordIdx":509,"sampleIdx":0}}