{"word":"X","data":[[189.314453125,165.34637451171875,0],[186.58984375,169.42840576171875,0],[183.865234375,173.51043701171875,0],[181.228515625,177.16278076171875,0],[177.80078125,181.67449951171875,0],[174.63671875,185.97137451171875,0],[171.384765625,190.05340576171875,0],[167.60546875,194.77996826171875,0],[163.826171875,199.29168701171875,0],[160.3984375,203.58856201171875,0],[156.443359375,207.88543701171875,0],[152.751953125,211.96746826171875,0],[148.97265625,216.26434326171875,0],[145.28125,220.56121826171875,0],[142.64453125,223.99871826171875,0],[141.0625,227.00653076171875,0],[140.271484375,228.72528076171875,0],[139.83203125,230.44403076171875,0],[139.744140625,231.51824951171875,0],[139.83203125,231.94793701171875,0],[139.83203125,231.94793701171875,0],[139.83203125,231.94793701171875,0],[141.0625,231.94793701171875,0],[143.259765625,231.94793701171875,1],[196.08203125,236.24481201171875,0],[194.236328125,232.16278076171875,0],[191.6875,226.79168701171875,0],[188.5234375,220.77606201171875,0],[185.88671875,216.26434326171875,0],[182.1953125,210.03387451171875,0],[178.591796875,204.44793701171875,0],[174.63671875,198.21746826171875,0],[170.681640625,192.63153076171875,0],[165.759765625,185.54168701171875,0],[161.8046875,179.31121826171875,0],[157.05859375,172.65106201171875,0],[152.400390625,165.99090576171875,0],[148.181640625,159.76043701171875,0],[144.2265625,154.60418701171875,0],[141.4140625,150.73699951171875,0],[139.216796875,148.15887451171875,0],[137.37109375,146.22528076171875,0],[135.96484375,144.72137451171875,0],[134.91015625,143.64715576171875,0],[134.294921875,143.21746826171875,0],[134.20703125,143.21746826171875,0],[134.20703125,143.21746826171875,0],[134.20703125,143.21746826171875,0],[134.20703125,143.21746826171875,0],[134.20703125,143.21746826171875,1]],"info":{"wordIdx":508,"sampleIdx":0}}