{"word":"Kč","data":[[113.552734375,126.02995300292969,0],[113.640625,132.2604217529297,0],[113.81640625,139.56512451171875,0],[113.904296875,147.08465576171875,0],[113.9921875,155.46356201171875,0],[114.34375,162.98309326171875,0],[114.51953125,170.71746826171875,0],[114.6953125,176.51824951171875,0],[114.958984375,181.45965576171875,0],[115.046875,184.25262451171875,0],[115.046875,185.32684326171875,0],[115.046875,186.18621826171875,0],[115.134765625,187.04559326171875,0],[115.22265625,188.76434326171875,1],[125.9453125,153.74481201171875,0],[129.197265625,150.52215576171875,0],[133.416015625,145.79559326171875,0],[136.4921875,141.49871826171875,0],[139.65625,135.2682342529297,0],[145.28125,124.09635925292969,1],[124.36328125,159.33074951171875,0],[129.109375,162.98309326171875,0],[133.6796875,166.63543701171875,0],[137.72265625,170.28778076171875,0],[141.94140625,174.36981201171875,0],[145.544921875,178.02215576171875,0],[148.005859375,181.02996826171875,0],[152.400390625,186.61590576171875,1],[172.966796875,157.61199951171875,0],[171.296875,157.61199951171875,0],[170.06640625,157.61199951171875,0],[169.451171875,157.82684326171875,0],[168.923828125,158.04168701171875,0],[168.396484375,158.68621826171875,0],[167.517578125,160.19012451171875,0],[166.638671875,164.05731201171875,0],[166.814453125,166.85028076171875,0],[167.78125,170.71746826171875,0],[169.099609375,173.51043701171875,0],[170.505859375,176.08856201171875,0],[172.17578125,178.45184326171875,0],[173.845703125,180.38543701171875,0],[175.251953125,181.88934326171875,0],[176.921875,183.17840576171875,0],[178.50390625,184.25262451171875,0],[179.646484375,185.11199951171875,0],[181.66796875,186.83074951171875,1],[178.591796875,138.92059326171875,0],[181.404296875,140.85418701171875,0],[183.953125,142.35809326171875,0],[185.7109375,143.43231201171875,0],[187.205078125,144.07684326171875,0],[187.908203125,144.29168701171875,0],[189.40234375,144.07684326171875,0],[192.0390625,143.86199951171875,1]],"info":{"wordIdx":503,"sampleIdx":0}}