{"word":"<","data":[[161.013671875,180.60028076171875,0],[158.2890625,181.88934326171875,0],[155.037109375,183.60809326171875,0],[151.78515625,185.54168701171875,0],[148.62109375,187.47528076171875,0],[145.720703125,189.19403076171875,0],[143.259765625,190.69793701171875,0],[140.53515625,192.84637451171875,0],[137.810546875,194.77996826171875,0],[135.7890625,196.49871826171875,0],[133.943359375,198.00262451171875,0],[132.44921875,199.50653076171875,0],[131.130859375,200.79559326171875,0],[129.98828125,201.86981201171875,0],[129.28515625,202.94403076171875,0],[128.7578125,203.80340576171875,0],[128.58203125,204.23309326171875,0],[128.494140625,204.66278076171875,0],[128.494140625,204.87762451171875,0],[128.494140625,204.87762451171875,0],[128.494140625,204.87762451171875,0],[128.58203125,205.09246826171875,0],[128.58203125,205.09246826171875,0],[128.58203125,205.09246826171875,0],[128.58203125,205.09246826171875,0],[128.58203125,205.09246826171875,0],[128.58203125,205.09246826171875,0],[128.58203125,205.09246826171875,0],[128.669921875,205.09246826171875,0],[128.7578125,205.09246826171875,0],[128.845703125,205.30731201171875,0],[129.021484375,205.52215576171875,0],[129.197265625,205.73699951171875,0],[129.4609375,206.16668701171875,0],[129.900390625,206.59637451171875,0],[130.8671875,207.45574951171875,0],[132.44921875,208.52996826171875,0],[134.03125,209.60418701171875,0],[135.701171875,210.67840576171875,0],[137.1953125,211.75262451171875,0],[139.12890625,213.04168701171875,0],[141.0625,213.90106201171875,0],[143.34765625,215.19012451171875,0],[146.072265625,216.47918701171875,0],[148.357421875,217.33856201171875,0],[150.642578125,218.19793701171875,0],[152.751953125,219.05731201171875,0],[154.509765625,219.48699951171875,0],[156.00390625,219.70184326171875,0],[157.146484375,219.91668701171875,0],[158.2890625,220.13153076171875,0],[159.16796875,220.13153076171875,0],[159.51953125,220.13153076171875,0],[159.6953125,220.13153076171875,0],[159.6953125,220.13153076171875,0],[159.6953125,220.13153076171875,0],[159.6953125,220.13153076171875,0],[159.6953125,220.13153076171875,1]],"info":{"wordIdx":509,"sampleIdx":2}}