{"word":"#","data":[[148.708984375,147.72918701171875,0],[150.90625,154.81903076171875,0],[153.19140625,162.76824951171875,0],[155.212890625,170.93231201171875,0],[156.8828125,178.45184326171875,0],[157.9375,185.11199951171875,0],[158.552734375,190.69793701171875,0],[158.904296875,196.49871826171875,0],[158.81640625,201.86981201171875,0],[158.2890625,207.24090576171875,0],[157.498046875,211.32293701171875,0],[156.267578125,215.83465576171875,0],[154.94921875,219.91668701171875,0],[154.59765625,220.77606201171875,0],[153.89453125,222.49481201171875,1],[192.302734375,138.70574951171875,0],[193.708984375,144.50653076171875,0],[194.8515625,150.73699951171875,0],[195.642578125,158.04168701171875,0],[196.2578125,165.56121826171875,0],[196.78515625,175.01434326171875,0],[196.9609375,184.46746826171875,0],[196.873046875,194.77996826171875,0],[196.521484375,203.80340576171875,0],[195.73046875,211.96746826171875,0],[195.115234375,220.56121826171875,0],[194.236328125,226.79168701171875,0],[193.4453125,231.30340576171875,0],[192.7421875,233.88153076171875,0],[192.302734375,234.74090576171875,0],[191.51171875,236.45965576171875,1],[209.6171875,168.78387451171875,0],[201.8828125,168.78387451171875,0],[193.181640625,168.99871826171875,0],[183.6015625,168.99871826171875,0],[173.40625,169.21356201171875,0],[164.44140625,169.85809326171875,0],[155.212890625,170.07293701171875,0],[147.390625,171.14715576171875,0],[133.240234375,173.08074951171875,1],[213.1328125,201.65496826171875,0],[204.6953125,202.08465576171875,0],[194.236328125,203.37371826171875,0],[184.216796875,204.87762451171875,0],[173.93359375,206.38153076171875,0],[166.19921875,207.02606201171875,0],[159.255859375,207.24090576171875,0],[153.19140625,207.02606201171875,0],[142.205078125,206.81121826171875,1]],"info":{"wordIdx":507,"sampleIdx":1}}