{"word":">","data":[[156.794921875,198.64715576171875,0],[159.431640625,199.72137451171875,0],[162.244140625,200.58074951171875,0],[164.96875,201.44012451171875,0],[167.60546875,202.08465576171875,0],[170.2421875,202.72918701171875,0],[173.142578125,203.15887451171875,0],[175.603515625,203.80340576171875,0],[178.15234375,204.44793701171875,0],[179.822265625,205.09246826171875,0],[181.931640625,205.73699951171875,0],[183.689453125,206.59637451171875,0],[185.18359375,207.24090576171875,0],[186.4140625,207.67059326171875,0],[187.46875,208.10028076171875,0],[188.34765625,208.52996826171875,0],[188.875,208.74481201171875,0],[189.314453125,208.95965576171875,0],[189.578125,208.95965576171875,0],[189.666015625,208.95965576171875,0],[189.75390625,208.95965576171875,0],[189.841796875,208.95965576171875,0],[189.9296875,208.95965576171875,0],[189.9296875,208.95965576171875,0],[189.9296875,208.95965576171875,0],[189.9296875,208.95965576171875,0],[189.9296875,208.95965576171875,0],[189.9296875,208.95965576171875,0],[189.9296875,208.95965576171875,0],[189.9296875,208.95965576171875,0],[189.9296875,208.95965576171875,0],[189.9296875,208.95965576171875,0],[189.9296875,208.95965576171875,0],[189.9296875,208.95965576171875,0],[189.9296875,208.95965576171875,0],[189.9296875,208.95965576171875,0],[189.9296875,208.95965576171875,0],[189.9296875,208.95965576171875,0],[189.9296875,208.95965576171875,0],[187.99609375,210.24871826171875,0],[185.88671875,211.53778076171875,0],[183.337890625,213.04168701171875,0],[180.525390625,214.54559326171875,0],[177.80078125,215.83465576171875,0],[175.1640625,217.12371826171875,0],[172.87890625,218.19793701171875,0],[170.154296875,219.48699951171875,0],[167.4296875,220.77606201171875,0],[165.14453125,221.63543701171875,0],[162.859375,222.70965576171875,0],[161.189453125,223.35418701171875,0],[159.51953125,223.99871826171875,0],[158.11328125,224.42840576171875,0],[156.970703125,224.64324951171875,0],[155.828125,225.07293701171875,0],[155.037109375,225.07293701171875,0],[154.333984375,225.28778076171875,0],[153.71875,225.28778076171875,0],[153.19140625,225.50262451171875,0],[152.751953125,225.71746826171875,0],[152.48828125,225.71746826171875,0],[152.13671875,225.71746826171875,0],[152.13671875,225.71746826171875,0],[151.9609375,225.71746826171875,0],[151.873046875,225.71746826171875,0],[151.873046875,225.71746826171875,0],[151.873046875,225.71746826171875,0],[151.873046875,225.71746826171875,1]],"info":{"wordIdx":510,"sampleIdx":2}}