{"word":"YZ","data":[[123.1328125,185.32684326171875,0],[123.748046875,190.26824951171875,0],[124.099609375,194.99481201171875,0],[124.275390625,199.29168701171875,0],[124.451171875,202.94403076171875,0],[124.5390625,205.30731201171875,0],[124.451171875,206.81121826171875,0],[124.36328125,207.45574951171875,0],[124.275390625,208.31512451171875,0],[124.099609375,210.03387451171875,1],[127.439453125,172.86590576171875,0],[131.04296875,167.92449951171875,1],[119.96875,172.86590576171875,0],[118.826171875,170.07293701171875,0],[117.244140625,167.06512451171875,0],[115.837890625,164.70184326171875,0],[114.255859375,162.76824951171875,0],[111.35546875,159.33074951171875,1],[149.236328125,169.42840576171875,0],[152.83984375,169.42840576171875,0],[155.65234375,169.42840576171875,0],[158.376953125,169.21356201171875,0],[160.92578125,168.99871826171875,0],[163.2109375,168.99871826171875,0],[164.880859375,169.21356201171875,0],[166.287109375,169.64324951171875,0],[167.4296875,170.07293701171875,0],[168.30859375,170.50262451171875,0],[168.923828125,170.93231201171875,0],[169.451171875,171.79168701171875,0],[169.802734375,173.29559326171875,0],[169.5390625,175.87371826171875,0],[168.30859375,178.88153076171875,0],[166.375,182.31903076171875,0],[164.177734375,185.75653076171875,0],[161.98046875,188.54949951171875,0],[158.640625,191.98699951171875,0],[155.916015625,194.77996826171875,0],[153.630859375,197.14324951171875,0],[151.521484375,199.29168701171875,0],[149.587890625,201.22528076171875,0],[148.26953125,202.72918701171875,0],[147.302734375,204.01824951171875,0],[146.6875,204.66278076171875,0],[146.599609375,205.09246826171875,0],[146.51171875,205.30731201171875,0],[146.51171875,205.30731201171875,0],[146.51171875,205.30731201171875,0],[147.21484375,205.95184326171875,0],[149.587890625,206.81121826171875,0],[152.3125,207.45574951171875,0],[155.037109375,207.88543701171875,0],[157.5859375,207.88543701171875,0],[159.431640625,207.67059326171875,0],[161.62890625,207.45574951171875,0],[162.068359375,207.24090576171875,1]],"info":{"wordIdx":540,"sampleIdx":1}}