{"word":"Ch","data":[[119.265625,155.24871826171875,0],[116.892578125,156.96746826171875,0],[114.255859375,159.76043701171875,0],[110.916015625,163.84246826171875,0],[108.54296875,168.99871826171875,0],[107.224609375,173.72528076171875,0],[106.697265625,178.88153076171875,0],[106.873046875,184.03778076171875,0],[107.48828125,187.69012451171875,0],[108.3671875,191.12762451171875,0],[109.59765625,193.70574951171875,0],[110.740234375,195.63934326171875,0],[112.05859375,197.14324951171875,0],[113.904296875,198.64715576171875,0],[116.27734375,199.72137451171875,0],[118.474609375,200.15106201171875,0],[120.14453125,199.72137451171875,0],[121.638671875,198.64715576171875,0],[122.869140625,197.35809326171875,0],[125.06640625,195.20965576171875,1],[143.875,162.76824951171875,0],[144.138671875,167.49481201171875,0],[144.40234375,172.00653076171875,0],[144.490234375,176.51824951171875,0],[144.578125,180.81512451171875,0],[144.666015625,184.46746826171875,0],[144.75390625,187.47528076171875,0],[144.75390625,189.62371826171875,0],[144.666015625,190.91278076171875,0],[144.578125,191.98699951171875,0],[144.490234375,192.84637451171875,0],[144.40234375,193.70574951171875,0],[144.314453125,194.35028076171875,0],[144.2265625,194.56512451171875,0],[144.2265625,194.56512451171875,0],[144.2265625,194.56512451171875,0],[144.2265625,194.56512451171875,0],[144.2265625,194.56512451171875,0],[144.2265625,194.56512451171875,0],[144.2265625,194.56512451171875,0],[144.2265625,194.35028076171875,0],[144.490234375,193.06121826171875,0],[145.10546875,190.91278076171875,0],[145.896484375,188.97918701171875,0],[146.775390625,186.83074951171875,0],[147.91796875,184.89715576171875,0],[148.97265625,183.17840576171875,0],[149.763671875,182.10418701171875,0],[150.291015625,181.45965576171875,0],[150.642578125,181.24481201171875,0],[150.994140625,181.02996826171875,0],[151.43359375,181.02996826171875,0],[151.78515625,181.45965576171875,0],[153.015625,183.39324951171875,0],[153.89453125,186.18621826171875,0],[154.24609375,188.97918701171875,0],[154.24609375,191.55731201171875,0],[153.982421875,193.70574951171875,0],[153.982421875,195.42449951171875,0],[153.982421875,198.64715576171875,1]],"info":{"wordIdx":545,"sampleIdx":1}}