{"word":"Ch","data":[[104.32421875,162.12371826171875,0],[102.7421875,165.99090576171875,0],[100.984375,170.71746826171875,0],[99.841796875,174.79949951171875,0],[98.962890625,179.09637451171875,0],[98.34765625,182.96356201171875,0],[98.083984375,186.61590576171875,0],[98.083984375,189.83856201171875,0],[98.171875,193.06121826171875,0],[98.34765625,195.85418701171875,0],[98.69921875,198.21746826171875,0],[99.138671875,199.93621826171875,0],[100.017578125,201.65496826171875,0],[100.896484375,202.94403076171875,0],[101.951171875,204.01824951171875,0],[103.97265625,205.30731201171875,0],[106.609375,206.16668701171875,0],[109.158203125,206.59637451171875,0],[111.70703125,206.38153076171875,0],[113.552734375,205.95184326171875,0],[114.958984375,205.30731201171875,0],[115.837890625,204.66278076171875,0],[117.419921875,203.58856201171875,1],[131.39453125,154.60418701171875,0],[131.921875,159.11590576171875,0],[132.185546875,163.84246826171875,0],[132.361328125,169.42840576171875,0],[132.361328125,174.15496826171875,0],[132.537109375,178.88153076171875,0],[132.712890625,182.74871826171875,0],[132.625,186.18621826171875,0],[132.537109375,188.76434326171875,0],[132.44921875,190.91278076171875,0],[132.361328125,192.20184326171875,0],[132.2734375,193.27606201171875,0],[132.185546875,193.92059326171875,0],[132.185546875,194.35028076171875,0],[132.185546875,194.35028076171875,0],[132.185546875,194.35028076171875,0],[132.185546875,194.35028076171875,0],[132.185546875,194.35028076171875,0],[132.185546875,194.35028076171875,0],[132.185546875,194.35028076171875,0],[132.185546875,194.35028076171875,0],[132.185546875,193.27606201171875,0],[132.44921875,191.77215576171875,0],[132.80078125,189.83856201171875,0],[133.416015625,187.90496826171875,0],[134.03125,186.18621826171875,0],[134.734375,184.68231201171875,0],[135.26171875,183.60809326171875,0],[135.4375,183.39324951171875,0],[135.4375,183.39324951171875,0],[135.876953125,182.96356201171875,0],[136.66796875,182.74871826171875,0],[137.1953125,182.53387451171875,0],[137.72265625,182.74871826171875,0],[138.162109375,183.17840576171875,0],[139.568359375,185.54168701171875,0],[140.359375,188.11981201171875,0],[140.7109375,190.26824951171875,0],[140.88671875,192.63153076171875,0],[140.88671875,194.77996826171875,0],[140.88671875,196.71356201171875,0],[140.798828125,198.21746826171875,0],[140.974609375,201.01043701171875,0],[141.23828125,206.16668701171875,1]],"info":{"wordIdx":545,"sampleIdx":2}}