{"word":"Ch","data":[[114.87109375,164.27215576171875,0],[111.70703125,168.13934326171875,0],[108.982421875,171.79168701171875,0],[106.169921875,175.22918701171875,0],[104.236328125,177.80731201171875,0],[102.302734375,180.60028076171875,0],[100.720703125,183.60809326171875,0],[99.578125,186.61590576171875,0],[98.787109375,190.48309326171875,0],[98.34765625,194.13543701171875,0],[98.259765625,196.71356201171875,0],[98.34765625,199.07684326171875,0],[98.611328125,200.58074951171875,0],[99.138671875,202.08465576171875,0],[100.28125,203.37371826171875,0],[102.302734375,205.09246826171875,0],[106.08203125,206.81121826171875,0],[109.685546875,207.24090576171875,0],[113.11328125,207.02606201171875,0],[116.892578125,206.59637451171875,0],[120.759765625,205.95184326171875,0],[127.703125,204.87762451171875,1],[140.095703125,155.67840576171875,0],[140.53515625,160.83465576171875,0],[140.88671875,167.06512451171875,0],[140.974609375,173.51043701171875,0],[141.0625,179.95574951171875,0],[140.974609375,184.89715576171875,0],[140.974609375,189.19403076171875,0],[140.88671875,192.84637451171875,0],[140.7109375,196.49871826171875,0],[140.623046875,198.43231201171875,0],[140.53515625,199.93621826171875,0],[140.359375,201.01043701171875,0],[140.18359375,201.65496826171875,0],[140.18359375,201.86981201171875,0],[140.18359375,201.86981201171875,0],[140.18359375,201.86981201171875,0],[140.18359375,201.86981201171875,0],[140.18359375,201.86981201171875,0],[140.18359375,201.86981201171875,0],[140.095703125,200.36590576171875,0],[140.18359375,197.57293701171875,0],[140.53515625,194.77996826171875,0],[141.0625,191.77215576171875,0],[141.94140625,188.97918701171875,0],[142.908203125,186.61590576171875,0],[143.962890625,184.68231201171875,0],[144.9296875,183.17840576171875,0],[145.544921875,182.53387451171875,0],[146.3359375,181.88934326171875,0],[147.126953125,181.67449951171875,0],[147.830078125,181.67449951171875,0],[148.533203125,182.31903076171875,0],[150.115234375,184.46746826171875,0],[151.521484375,188.11981201171875,0],[152.224609375,191.77215576171875,0],[152.3125,194.56512451171875,0],[152.13671875,197.14324951171875,0],[151.697265625,199.29168701171875,0],[150.90625,203.15887451171875,1]],"info":{"wordIdx":545,"sampleIdx":0}}