{"word":"Cíl","data":[[120.759765625,141.92840576171875,0],[117.859375,143.86199951171875,0],[115.662109375,146.01043701171875,0],[111.70703125,151.38153076171875,0],[109.509765625,155.89324951171875,0],[108.19140625,159.54559326171875,0],[107.13671875,163.84246826171875,0],[106.521484375,167.92449951171875,0],[106.345703125,172.86590576171875,0],[106.697265625,176.73309326171875,0],[107.48828125,180.38543701171875,0],[108.806640625,183.17840576171875,0],[110.828125,186.61590576171875,0],[113.2890625,189.62371826171875,0],[116.453125,193.27606201171875,0],[119.529296875,196.71356201171875,0],[123.396484375,200.15106201171875,0],[128.142578125,204.01824951171875,0],[132.712890625,206.81121826171875,0],[137.01953125,209.17449951171875,0],[141.4140625,210.46356201171875,0],[144.75390625,211.32293701171875,0],[150.73046875,213.04168701171875,1],[159.783203125,192.20184326171875,0],[160.046875,195.42449951171875,0],[160.310546875,198.64715576171875,0],[160.57421875,201.22528076171875,0],[160.75,203.37371826171875,0],[160.92578125,204.66278076171875,0],[161.1015625,206.16668701171875,0],[161.189453125,206.81121826171875,0],[161.27734375,207.45574951171875,0],[161.27734375,207.45574951171875,1],[172.087890625,154.17449951171875,0],[173.142578125,153.52996826171875,0],[173.93359375,152.67059326171875,0],[175.076171875,151.38153076171875,0],[176.39453125,149.44793701171875,0],[177.888671875,145.15106201171875,0],[180.525390625,137.41668701171875,1],[196.609375,144.93621826171875,0],[197.751953125,149.44793701171875,0],[198.806640625,155.03387451171875,0],[199.421875,160.83465576171875,0],[199.59765625,167.27996826171875,0],[199.7734375,174.15496826171875,0],[199.685546875,180.60028076171875,0],[199.24609375,186.40106201171875,0],[198.71875,191.34246826171875,0],[198.279296875,195.42449951171875,0],[197.751953125,199.50653076171875,0],[197.048828125,203.15887451171875,0],[196.43359375,205.73699951171875,0],[195.642578125,207.88543701171875,0],[195.02734375,209.60418701171875,0],[194.32421875,211.32293701171875,0],[193.708984375,213.04168701171875,0],[193.005859375,214.76043701171875,0],[192.654296875,216.26434326171875,0],[191.951171875,219.05731201171875,1]],"info":{"wordIdx":582,"sampleIdx":1}}