{"word":"Cíl","data":[[103.26953125,167.70965576171875,0],[101.3359375,170.71746826171875,0],[99.666015625,173.72528076171875,0],[98.34765625,176.73309326171875,0],[97.29296875,179.95574951171875,0],[96.501953125,182.74871826171875,0],[95.974609375,185.54168701171875,0],[95.53515625,188.97918701171875,0],[95.447265625,192.20184326171875,0],[95.53515625,195.85418701171875,0],[95.798828125,199.29168701171875,0],[96.150390625,202.72918701171875,0],[96.501953125,205.52215576171875,0],[97.1171875,208.52996826171875,0],[97.732421875,211.10809326171875,0],[98.611328125,213.25653076171875,0],[99.40234375,214.97528076171875,0],[100.544921875,216.47918701171875,0],[101.86328125,217.98309326171875,0],[104.412109375,219.91668701171875,0],[107.576171875,221.63543701171875,0],[110.564453125,222.92449951171875,0],[113.376953125,223.99871826171875,0],[117.33203125,225.50262451171875,0],[124.451171875,228.29559326171875,1],[135.876953125,206.81121826171875,0],[135.7890625,209.60418701171875,0],[135.701171875,211.96746826171875,0],[135.61328125,213.68621826171875,0],[135.525390625,214.97528076171875,0],[135.4375,216.04949951171875,0],[135.349609375,216.90887451171875,0],[135.173828125,217.33856201171875,0],[135.173828125,217.33856201171875,1],[142.64453125,166.20574951171875,0],[145.28125,162.98309326171875,0],[146.775390625,160.40496826171875,0],[147.91796875,158.04168701171875,0],[148.708984375,155.24871826171875,0],[150.115234375,150.30731201171875,1],[170.857421875,169.42840576171875,0],[171.560546875,175.87371826171875,0],[172.087890625,182.31903076171875,0],[172.791015625,188.97918701171875,0],[173.318359375,196.71356201171875,0],[173.58203125,203.37371826171875,0],[173.669921875,208.95965576171875,0],[173.669921875,214.54559326171875,0],[173.669921875,218.41278076171875,0],[173.494140625,221.85028076171875,0],[173.23046875,223.78387451171875,0],[173.0546875,225.07293701171875,0],[172.791015625,225.93231201171875,0],[172.615234375,226.36199951171875,1]],"info":{"wordIdx":582,"sampleIdx":2}}