{"word":"Cíl","data":[[122.693359375,146.01043701171875,0],[120.671875,147.94403076171875,0],[118.298828125,150.09246826171875,0],[115.837890625,152.24090576171875,0],[113.376953125,154.38934326171875,0],[110.564453125,157.61199951171875,0],[108.015625,161.47918701171875,0],[105.818359375,165.99090576171875,0],[104.1484375,171.79168701171875,0],[103.26953125,176.51824951171875,0],[103.181640625,180.81512451171875,0],[103.26953125,185.32684326171875,0],[103.708984375,189.62371826171875,0],[104.5,194.99481201171875,0],[105.291015625,199.50653076171875,0],[106.345703125,203.37371826171875,0],[107.48828125,205.95184326171875,0],[108.806640625,208.52996826171875,0],[110.30078125,210.24871826171875,0],[112.322265625,211.96746826171875,0],[115.310546875,213.90106201171875,0],[118.2109375,214.97528076171875,0],[121.19921875,215.61981201171875,0],[124.099609375,215.83465576171875,0],[126.82421875,215.19012451171875,0],[129.548828125,214.11590576171875,0],[131.74609375,212.61199951171875,0],[134.470703125,211.32293701171875,0],[139.3046875,209.17449951171875,1],[145.896484375,197.57293701171875,0],[145.984375,200.15106201171875,0],[146.072265625,201.86981201171875,0],[146.16015625,202.94403076171875,0],[146.16015625,203.37371826171875,0],[146.16015625,204.01824951171875,0],[146.16015625,204.01824951171875,0],[146.16015625,204.01824951171875,0],[146.16015625,204.01824951171875,0],[146.16015625,204.01824951171875,0],[145.984375,203.80340576171875,1],[155.037109375,161.47918701171875,0],[156.8828125,157.39715576171875,0],[158.201171875,153.95965576171875,0],[159.255859375,151.16668701171875,0],[159.958984375,148.37371826171875,0],[160.134765625,146.65496826171875,0],[159.783203125,143.00262451171875,0],[159.080078125,136.5572967529297,1],[173.142578125,132.6901092529297,0],[173.23046875,138.70574951171875,0],[173.669921875,146.44012451171875,0],[174.28515625,154.17449951171875,0],[174.373046875,161.47918701171875,0],[174.28515625,167.49481201171875,0],[174.021484375,174.15496826171875,0],[173.494140625,180.17059326171875,0],[172.87890625,184.46746826171875,0],[172.263671875,187.69012451171875,0],[171.82421875,188.97918701171875,0],[171.384765625,190.26824951171875,0],[170.59375,192.63153076171875,1]],"info":{"wordIdx":582,"sampleIdx":0}}