{"mean_x": 0.7291976809501648, "mean_y": 0.04113823547959328, "std_x": 4.796046257019043, "std_y": 6.950246334075928}